geo,geo_label,sex,sex_label,age,age_label,time,value
AT,Austria,F,Females,TOTAL,Total,2021,0
AT,Austria,F,Females,TOTAL,Total,2022,0
AT,Austria,F,Females,TOTAL,Total,2023,0
AT,Austria,F,Females,TOTAL,Total,2024,0
AT,Austria,F,Females,TOTAL,Total,2025,0
BE,Belgium,F,Females,TOTAL,Total,2021,415
BE,Belgium,F,Females,TOTAL,Total,2022,35
BE,Belgium,F,Females,TOTAL,Total,2023,150
BE,Belgium,F,Females,TOTAL,Total,2024,215
BE,Belgium,F,Females,TOTAL,Total,2025,30
BG,Bulgaria,F,Females,TOTAL,Total,2021,0
BG,Bulgaria,F,Females,TOTAL,Total,2022,0
BG,Bulgaria,F,Females,TOTAL,Total,2023,5
BG,Bulgaria,F,Females,TOTAL,Total,2024,5
BG,Bulgaria,F,Females,TOTAL,Total,2025,5
CH,Switzerland,F,Females,TOTAL,Total,2021,520
CH,Switzerland,F,Females,TOTAL,Total,2022,300
CH,Switzerland,F,Females,TOTAL,Total,2023,200
CH,Switzerland,F,Females,TOTAL,Total,2024,0
CH,Switzerland,F,Females,TOTAL,Total,2025,20
CY,Cyprus,F,Females,TOTAL,Total,2021,0
CY,Cyprus,F,Females,TOTAL,Total,2022,0
CY,Cyprus,F,Females,TOTAL,Total,2023,0
CY,Cyprus,F,Females,TOTAL,Total,2024,0
CY,Cyprus,F,Females,TOTAL,Total,2025,0
CZ,Czechia,F,Females,TOTAL,Total,2021,0
CZ,Czechia,F,Females,TOTAL,Total,2022,0
CZ,Czechia,F,Females,TOTAL,Total,2023,0
CZ,Czechia,F,Females,TOTAL,Total,2024,0
CZ,Czechia,F,Females,TOTAL,Total,2025,0
DE,Germany,F,Females,TOTAL,Total,2021,2745
DE,Germany,F,Females,TOTAL,Total,2022,2335
DE,Germany,F,Females,TOTAL,Total,2023,2420
DE,Germany,F,Females,TOTAL,Total,2024,2895
DE,Germany,F,Females,TOTAL,Total,2025,1180
DK,Denmark,F,Females,TOTAL,Total,2021,40
DK,Denmark,F,Females,TOTAL,Total,2022,100
DK,Denmark,F,Females,TOTAL,Total,2023,105
DK,Denmark,F,Females,TOTAL,Total,2024,25
DK,Denmark,F,Females,TOTAL,Total,2025,245
EE,Estonia,F,Females,TOTAL,Total,2021,0
EE,Estonia,F,Females,TOTAL,Total,2022,0
EE,Estonia,F,Females,TOTAL,Total,2023,0
EE,Estonia,F,Females,TOTAL,Total,2024,0
EE,Estonia,F,Females,TOTAL,Total,2025,0
EL,Greece,F,Females,TOTAL,Total,2021,0
EL,Greece,F,Females,TOTAL,Total,2022,0
EL,Greece,F,Females,TOTAL,Total,2023,0
EL,Greece,F,Females,TOTAL,Total,2024,0
EL,Greece,F,Females,TOTAL,Total,2025,0
ES,Spain,F,Females,TOTAL,Total,2021,240
ES,Spain,F,Females,TOTAL,Total,2022,505
ES,Spain,F,Females,TOTAL,Total,2023,515
ES,Spain,F,Females,TOTAL,Total,2024,340
ES,Spain,F,Females,TOTAL,Total,2025,395
EU27_2020,European Union - 27 countries (from 2020),F,Females,TOTAL,Total,2021,11075
EU27_2020,European Union - 27 countries (from 2020),F,Females,TOTAL,Total,2022,9015
EU27_2020,European Union - 27 countries (from 2020),F,Females,TOTAL,Total,2023,7045
EU27_2020,European Union - 27 countries (from 2020),F,Females,TOTAL,Total,2024,7125
EU27_2020,European Union - 27 countries (from 2020),F,Females,TOTAL,Total,2025,5570
FI,Finland,F,Females,TOTAL,Total,2021,405
FI,Finland,F,Females,TOTAL,Total,2022,490
FI,Finland,F,Females,TOTAL,Total,2023,735
FI,Finland,F,Females,TOTAL,Total,2024,405
FI,Finland,F,Females,TOTAL,Total,2025,370
FR,France,F,Females,TOTAL,Total,2021,925
FR,France,F,Females,TOTAL,Total,2022,1550
FR,France,F,Females,TOTAL,Total,2023,1425
FR,France,F,Females,TOTAL,Total,2024,1270
FR,France,F,Females,TOTAL,Total,2025,1680
HR,Croatia,F,Females,TOTAL,Total,2021,0
HR,Croatia,F,Females,TOTAL,Total,2022,0
HR,Croatia,F,Females,TOTAL,Total,2023,0
HR,Croatia,F,Females,TOTAL,Total,2024,0
HR,Croatia,F,Females,TOTAL,Total,2025,0
HU,Hungary,F,Females,TOTAL,Total,2021,0
HU,Hungary,F,Females,TOTAL,Total,2022,0
HU,Hungary,F,Females,TOTAL,Total,2023,0
HU,Hungary,F,Females,TOTAL,Total,2024,0
HU,Hungary,F,Females,TOTAL,Total,2025,0
IE,Ireland,F,Females,TOTAL,Total,2021,220
IE,Ireland,F,Females,TOTAL,Total,2022,175
IE,Ireland,F,Females,TOTAL,Total,2023,60
IE,Ireland,F,Females,TOTAL,Total,2024,95
IE,Ireland,F,Females,TOTAL,Total,2025,130
IS,Iceland,F,Females,TOTAL,Total,2021,20
IS,Iceland,F,Females,TOTAL,Total,2022,0
IS,Iceland,F,Females,TOTAL,Total,2023,5
IS,Iceland,F,Females,TOTAL,Total,2024,5
IS,Iceland,F,Females,TOTAL,Total,2025,0
IT,Italy,F,Females,TOTAL,Total,2021,2685
IT,Italy,F,Females,TOTAL,Total,2022,650
IT,Italy,F,Females,TOTAL,Total,2023,830
IT,Italy,F,Females,TOTAL,Total,2024,860
IT,Italy,F,Females,TOTAL,Total,2025,485
LI,Liechtenstein,F,Females,TOTAL,Total,2021,0
LI,Liechtenstein,F,Females,TOTAL,Total,2022,0
LI,Liechtenstein,F,Females,TOTAL,Total,2023,0
LI,Liechtenstein,F,Females,TOTAL,Total,2024,0
LI,Liechtenstein,F,Females,TOTAL,Total,2025,0
LT,Lithuania,F,Females,TOTAL,Total,2021,10
LT,Lithuania,F,Females,TOTAL,Total,2022,0
LT,Lithuania,F,Females,TOTAL,Total,2023,0
LT,Lithuania,F,Females,TOTAL,Total,2024,0
LT,Lithuania,F,Females,TOTAL,Total,2025,0
LU,Luxembourg,F,Females,TOTAL,Total,2021,0
LU,Luxembourg,F,Females,TOTAL,Total,2022,0
LU,Luxembourg,F,Females,TOTAL,Total,2023,0
LU,Luxembourg,F,Females,TOTAL,Total,2024,0
LU,Luxembourg,F,Females,TOTAL,Total,2025,0
LV,Latvia,F,Females,TOTAL,Total,2021,0
LV,Latvia,F,Females,TOTAL,Total,2022,0
LV,Latvia,F,Females,TOTAL,Total,2023,0
LV,Latvia,F,Females,TOTAL,Total,2024,0
LV,Latvia,F,Females,TOTAL,Total,2025,0
MT,Malta,F,Females,TOTAL,Total,2021,0
MT,Malta,F,Females,TOTAL,Total,2022,0
MT,Malta,F,Females,TOTAL,Total,2023,0
MT,Malta,F,Females,TOTAL,Total,2024,0
MT,Malta,F,Females,TOTAL,Total,2025,0
NL,Netherlands,F,Females,TOTAL,Total,2021,220
NL,Netherlands,F,Females,TOTAL,Total,2022,650
NL,Netherlands,F,Females,TOTAL,Total,2023,395
NL,Netherlands,F,Females,TOTAL,Total,2024,375
NL,Netherlands,F,Females,TOTAL,Total,2025,250
NO,Norway,F,Females,TOTAL,Total,2021,1870
NO,Norway,F,Females,TOTAL,Total,2022,1605
NO,Norway,F,Females,TOTAL,Total,2023,1165
NO,Norway,F,Females,TOTAL,Total,2024,785
NO,Norway,F,Females,TOTAL,Total,2025,355
PL,Poland,F,Females,TOTAL,Total,2021,0
PL,Poland,F,Females,TOTAL,Total,2022,0
PL,Poland,F,Females,TOTAL,Total,2023,0
PL,Poland,F,Females,TOTAL,Total,2024,0
PL,Poland,F,Females,TOTAL,Total,2025,0
PT,Portugal,F,Females,TOTAL,Total,2021,5
PT,Portugal,F,Females,TOTAL,Total,2022,0
PT,Portugal,F,Females,TOTAL,Total,2023,0
PT,Portugal,F,Females,TOTAL,Total,2024,0
PT,Portugal,F,Females,TOTAL,Total,2025,120
RO,Romania,F,Females,TOTAL,Total,2021,35
RO,Romania,F,Females,TOTAL,Total,2022,45
RO,Romania,F,Females,TOTAL,Total,2023,70
RO,Romania,F,Females,TOTAL,Total,2024,0
RO,Romania,F,Females,TOTAL,Total,2025,75
SE,Sweden,F,Females,TOTAL,Total,2021,3125
SE,Sweden,F,Females,TOTAL,Total,2022,2480
SE,Sweden,F,Females,TOTAL,Total,2023,320
SE,Sweden,F,Females,TOTAL,Total,2024,625
SE,Sweden,F,Females,TOTAL,Total,2025,605
SI,Slovenia,F,Females,TOTAL,Total,2021,0
SI,Slovenia,F,Females,TOTAL,Total,2022,0
SI,Slovenia,F,Females,TOTAL,Total,2023,15
SI,Slovenia,F,Females,TOTAL,Total,2024,15
SI,Slovenia,F,Females,TOTAL,Total,2025,0
SK,Slovakia,F,Females,TOTAL,Total,2021,0
SK,Slovakia,F,Females,TOTAL,Total,2022,0
SK,Slovakia,F,Females,TOTAL,Total,2023,0
SK,Slovakia,F,Females,TOTAL,Total,2024,0
SK,Slovakia,F,Females,TOTAL,Total,2025,0
AT,Austria,F,Females,UNK,Unknown,2021,0
AT,Austria,F,Females,UNK,Unknown,2022,0
AT,Austria,F,Females,UNK,Unknown,2023,0
AT,Austria,F,Females,UNK,Unknown,2024,0
AT,Austria,F,Females,UNK,Unknown,2025,0
BE,Belgium,F,Females,UNK,Unknown,2021,0
BE,Belgium,F,Females,UNK,Unknown,2022,0
BE,Belgium,F,Females,UNK,Unknown,2023,0
BE,Belgium,F,Females,UNK,Unknown,2024,0
BE,Belgium,F,Females,UNK,Unknown,2025,0
BG,Bulgaria,F,Females,UNK,Unknown,2021,0
BG,Bulgaria,F,Females,UNK,Unknown,2022,0
BG,Bulgaria,F,Females,UNK,Unknown,2023,0
BG,Bulgaria,F,Females,UNK,Unknown,2024,0
BG,Bulgaria,F,Females,UNK,Unknown,2025,0
CH,Switzerland,F,Females,UNK,Unknown,2021,0
CH,Switzerland,F,Females,UNK,Unknown,2022,0
CH,Switzerland,F,Females,UNK,Unknown,2023,0
CH,Switzerland,F,Females,UNK,Unknown,2024,0
CH,Switzerland,F,Females,UNK,Unknown,2025,0
CY,Cyprus,F,Females,UNK,Unknown,2021,0
CY,Cyprus,F,Females,UNK,Unknown,2022,0
CY,Cyprus,F,Females,UNK,Unknown,2023,0
CY,Cyprus,F,Females,UNK,Unknown,2024,0
CY,Cyprus,F,Females,UNK,Unknown,2025,0
CZ,Czechia,F,Females,UNK,Unknown,2021,0
CZ,Czechia,F,Females,UNK,Unknown,2022,0
CZ,Czechia,F,Females,UNK,Unknown,2023,0
CZ,Czechia,F,Females,UNK,Unknown,2024,0
CZ,Czechia,F,Females,UNK,Unknown,2025,0
DE,Germany,F,Females,UNK,Unknown,2021,0
DE,Germany,F,Females,UNK,Unknown,2022,0
DE,Germany,F,Females,UNK,Unknown,2023,0
DE,Germany,F,Females,UNK,Unknown,2024,0
DE,Germany,F,Females,UNK,Unknown,2025,0
DK,Denmark,F,Females,UNK,Unknown,2021,0
DK,Denmark,F,Females,UNK,Unknown,2022,0
DK,Denmark,F,Females,UNK,Unknown,2023,0
DK,Denmark,F,Females,UNK,Unknown,2024,0
DK,Denmark,F,Females,UNK,Unknown,2025,0
EE,Estonia,F,Females,UNK,Unknown,2021,0
EE,Estonia,F,Females,UNK,Unknown,2022,0
EE,Estonia,F,Females,UNK,Unknown,2023,0
EE,Estonia,F,Females,UNK,Unknown,2024,0
EE,Estonia,F,Females,UNK,Unknown,2025,0
EL,Greece,F,Females,UNK,Unknown,2021,0
EL,Greece,F,Females,UNK,Unknown,2022,0
EL,Greece,F,Females,UNK,Unknown,2023,0
EL,Greece,F,Females,UNK,Unknown,2024,0
EL,Greece,F,Females,UNK,Unknown,2025,0
ES,Spain,F,Females,UNK,Unknown,2021,0
ES,Spain,F,Females,UNK,Unknown,2022,0
ES,Spain,F,Females,UNK,Unknown,2023,0
ES,Spain,F,Females,UNK,Unknown,2024,0
ES,Spain,F,Females,UNK,Unknown,2025,0
EU27_2020,European Union - 27 countries (from 2020),F,Females,UNK,Unknown,2021,0
EU27_2020,European Union - 27 countries (from 2020),F,Females,UNK,Unknown,2022,0
EU27_2020,European Union - 27 countries (from 2020),F,Females,UNK,Unknown,2023,0
EU27_2020,European Union - 27 countries (from 2020),F,Females,UNK,Unknown,2024,0
EU27_2020,European Union - 27 countries (from 2020),F,Females,UNK,Unknown,2025,0
FI,Finland,F,Females,UNK,Unknown,2021,0
FI,Finland,F,Females,UNK,Unknown,2022,0
FI,Finland,F,Females,UNK,Unknown,2023,0
FI,Finland,F,Females,UNK,Unknown,2024,0
FI,Finland,F,Females,UNK,Unknown,2025,0
FR,France,F,Females,UNK,Unknown,2021,0
FR,France,F,Females,UNK,Unknown,2022,0
FR,France,F,Females,UNK,Unknown,2023,0
FR,France,F,Females,UNK,Unknown,2024,0
FR,France,F,Females,UNK,Unknown,2025,0
HR,Croatia,F,Females,UNK,Unknown,2021,0
HR,Croatia,F,Females,UNK,Unknown,2022,0
HR,Croatia,F,Females,UNK,Unknown,2023,0
HR,Croatia,F,Females,UNK,Unknown,2024,0
HR,Croatia,F,Females,UNK,Unknown,2025,0
HU,Hungary,F,Females,UNK,Unknown,2021,0
HU,Hungary,F,Females,UNK,Unknown,2022,0
HU,Hungary,F,Females,UNK,Unknown,2023,0
HU,Hungary,F,Females,UNK,Unknown,2024,0
HU,Hungary,F,Females,UNK,Unknown,2025,0
IE,Ireland,F,Females,UNK,Unknown,2021,0
IE,Ireland,F,Females,UNK,Unknown,2022,0
IE,Ireland,F,Females,UNK,Unknown,2023,0
IE,Ireland,F,Females,UNK,Unknown,2024,0
IE,Ireland,F,Females,UNK,Unknown,2025,0
IS,Iceland,F,Females,UNK,Unknown,2021,0
IS,Iceland,F,Females,UNK,Unknown,2022,0
IS,Iceland,F,Females,UNK,Unknown,2023,0
IS,Iceland,F,Females,UNK,Unknown,2024,0
IS,Iceland,F,Females,UNK,Unknown,2025,0
IT,Italy,F,Females,UNK,Unknown,2021,0
IT,Italy,F,Females,UNK,Unknown,2022,0
IT,Italy,F,Females,UNK,Unknown,2023,0
IT,Italy,F,Females,UNK,Unknown,2024,0
IT,Italy,F,Females,UNK,Unknown,2025,0
LI,Liechtenstein,F,Females,UNK,Unknown,2021,0
LI,Liechtenstein,F,Females,UNK,Unknown,2022,0
LI,Liechtenstein,F,Females,UNK,Unknown,2023,0
LI,Liechtenstein,F,Females,UNK,Unknown,2024,0
LI,Liechtenstein,F,Females,UNK,Unknown,2025,0
LT,Lithuania,F,Females,UNK,Unknown,2021,0
LT,Lithuania,F,Females,UNK,Unknown,2022,0
LT,Lithuania,F,Females,UNK,Unknown,2023,0
LT,Lithuania,F,Females,UNK,Unknown,2024,0
LT,Lithuania,F,Females,UNK,Unknown,2025,0
LU,Luxembourg,F,Females,UNK,Unknown,2021,0
LU,Luxembourg,F,Females,UNK,Unknown,2022,0
LU,Luxembourg,F,Females,UNK,Unknown,2023,0
LU,Luxembourg,F,Females,UNK,Unknown,2024,0
LU,Luxembourg,F,Females,UNK,Unknown,2025,0
LV,Latvia,F,Females,UNK,Unknown,2021,0
LV,Latvia,F,Females,UNK,Unknown,2022,0
LV,Latvia,F,Females,UNK,Unknown,2023,0
LV,Latvia,F,Females,UNK,Unknown,2024,0
LV,Latvia,F,Females,UNK,Unknown,2025,0
MT,Malta,F,Females,UNK,Unknown,2021,0
MT,Malta,F,Females,UNK,Unknown,2022,0
MT,Malta,F,Females,UNK,Unknown,2023,0
MT,Malta,F,Females,UNK,Unknown,2024,0
MT,Malta,F,Females,UNK,Unknown,2025,0
NL,Netherlands,F,Females,UNK,Unknown,2021,0
NL,Netherlands,F,Females,UNK,Unknown,2022,0
NL,Netherlands,F,Females,UNK,Unknown,2023,0
NL,Netherlands,F,Females,UNK,Unknown,2024,0
NL,Netherlands,F,Females,UNK,Unknown,2025,0
NO,Norway,F,Females,UNK,Unknown,2021,0
NO,Norway,F,Females,UNK,Unknown,2022,0
NO,Norway,F,Females,UNK,Unknown,2023,0
NO,Norway,F,Females,UNK,Unknown,2024,0
NO,Norway,F,Females,UNK,Unknown,2025,0
PL,Poland,F,Females,UNK,Unknown,2021,0
PL,Poland,F,Females,UNK,Unknown,2022,0
PL,Poland,F,Females,UNK,Unknown,2023,0
PL,Poland,F,Females,UNK,Unknown,2024,0
PL,Poland,F,Females,UNK,Unknown,2025,0
PT,Portugal,F,Females,UNK,Unknown,2021,0
PT,Portugal,F,Females,UNK,Unknown,2022,0
PT,Portugal,F,Females,UNK,Unknown,2023,0
PT,Portugal,F,Females,UNK,Unknown,2024,0
PT,Portugal,F,Females,UNK,Unknown,2025,0
RO,Romania,F,Females,UNK,Unknown,2021,0
RO,Romania,F,Females,UNK,Unknown,2022,0
RO,Romania,F,Females,UNK,Unknown,2023,0
RO,Romania,F,Females,UNK,Unknown,2024,0
RO,Romania,F,Females,UNK,Unknown,2025,0
SE,Sweden,F,Females,UNK,Unknown,2021,0
SE,Sweden,F,Females,UNK,Unknown,2022,0
SE,Sweden,F,Females,UNK,Unknown,2023,0
SE,Sweden,F,Females,UNK,Unknown,2024,0
SE,Sweden,F,Females,UNK,Unknown,2025,0
SI,Slovenia,F,Females,UNK,Unknown,2021,0
SI,Slovenia,F,Females,UNK,Unknown,2022,0
SI,Slovenia,F,Females,UNK,Unknown,2023,0
SI,Slovenia,F,Females,UNK,Unknown,2024,0
SI,Slovenia,F,Females,UNK,Unknown,2025,0
SK,Slovakia,F,Females,UNK,Unknown,2021,0
SK,Slovakia,F,Females,UNK,Unknown,2022,0
SK,Slovakia,F,Females,UNK,Unknown,2023,0
SK,Slovakia,F,Females,UNK,Unknown,2024,0
SK,Slovakia,F,Females,UNK,Unknown,2025,0
AT,Austria,F,Females,Y14-17,From 14 to 17 years,2021,0
AT,Austria,F,Females,Y14-17,From 14 to 17 years,2022,0
AT,Austria,F,Females,Y14-17,From 14 to 17 years,2023,0
AT,Austria,F,Females,Y14-17,From 14 to 17 years,2024,0
AT,Austria,F,Females,Y14-17,From 14 to 17 years,2025,0
BE,Belgium,F,Females,Y14-17,From 14 to 17 years,2021,35
BE,Belgium,F,Females,Y14-17,From 14 to 17 years,2022,0
BE,Belgium,F,Females,Y14-17,From 14 to 17 years,2023,10
BE,Belgium,F,Females,Y14-17,From 14 to 17 years,2024,20
BE,Belgium,F,Females,Y14-17,From 14 to 17 years,2025,0
BG,Bulgaria,F,Females,Y14-17,From 14 to 17 years,2021,0
BG,Bulgaria,F,Females,Y14-17,From 14 to 17 years,2022,0
BG,Bulgaria,F,Females,Y14-17,From 14 to 17 years,2023,0
BG,Bulgaria,F,Females,Y14-17,From 14 to 17 years,2024,0
BG,Bulgaria,F,Females,Y14-17,From 14 to 17 years,2025,0
CH,Switzerland,F,Females,Y14-17,From 14 to 17 years,2021,40
CH,Switzerland,F,Females,Y14-17,From 14 to 17 years,2022,25
CH,Switzerland,F,Females,Y14-17,From 14 to 17 years,2023,10
CH,Switzerland,F,Females,Y14-17,From 14 to 17 years,2024,0
CH,Switzerland,F,Females,Y14-17,From 14 to 17 years,2025,0
CY,Cyprus,F,Females,Y14-17,From 14 to 17 years,2021,0
CY,Cyprus,F,Females,Y14-17,From 14 to 17 years,2022,0
CY,Cyprus,F,Females,Y14-17,From 14 to 17 years,2023,0
CY,Cyprus,F,Females,Y14-17,From 14 to 17 years,2024,0
CY,Cyprus,F,Females,Y14-17,From 14 to 17 years,2025,0
CZ,Czechia,F,Females,Y14-17,From 14 to 17 years,2021,0
CZ,Czechia,F,Females,Y14-17,From 14 to 17 years,2022,0
CZ,Czechia,F,Females,Y14-17,From 14 to 17 years,2023,0
CZ,Czechia,F,Females,Y14-17,From 14 to 17 years,2024,0
CZ,Czechia,F,Females,Y14-17,From 14 to 17 years,2025,0
DE,Germany,F,Females,Y14-17,From 14 to 17 years,2021,290
DE,Germany,F,Females,Y14-17,From 14 to 17 years,2022,225
DE,Germany,F,Females,Y14-17,From 14 to 17 years,2023,230
DE,Germany,F,Females,Y14-17,From 14 to 17 years,2024,210
DE,Germany,F,Females,Y14-17,From 14 to 17 years,2025,95
DK,Denmark,F,Females,Y14-17,From 14 to 17 years,2021,5
DK,Denmark,F,Females,Y14-17,From 14 to 17 years,2022,15
DK,Denmark,F,Females,Y14-17,From 14 to 17 years,2023,10
DK,Denmark,F,Females,Y14-17,From 14 to 17 years,2024,5
DK,Denmark,F,Females,Y14-17,From 14 to 17 years,2025,35
EE,Estonia,F,Females,Y14-17,From 14 to 17 years,2021,0
EE,Estonia,F,Females,Y14-17,From 14 to 17 years,2022,0
EE,Estonia,F,Females,Y14-17,From 14 to 17 years,2023,0
EE,Estonia,F,Females,Y14-17,From 14 to 17 years,2024,0
EE,Estonia,F,Females,Y14-17,From 14 to 17 years,2025,0
EL,Greece,F,Females,Y14-17,From 14 to 17 years,2021,0
EL,Greece,F,Females,Y14-17,From 14 to 17 years,2022,0
EL,Greece,F,Females,Y14-17,From 14 to 17 years,2023,0
EL,Greece,F,Females,Y14-17,From 14 to 17 years,2024,0
EL,Greece,F,Females,Y14-17,From 14 to 17 years,2025,0
ES,Spain,F,Females,Y14-17,From 14 to 17 years,2021,15
ES,Spain,F,Females,Y14-17,From 14 to 17 years,2022,30
ES,Spain,F,Females,Y14-17,From 14 to 17 years,2023,55
ES,Spain,F,Females,Y14-17,From 14 to 17 years,2024,25
ES,Spain,F,Females,Y14-17,From 14 to 17 years,2025,35
EU27_2020,European Union - 27 countries (from 2020),F,Females,Y14-17,From 14 to 17 years,2021,1010
EU27_2020,European Union - 27 countries (from 2020),F,Females,Y14-17,From 14 to 17 years,2022,820
EU27_2020,European Union - 27 countries (from 2020),F,Females,Y14-17,From 14 to 17 years,2023,675
EU27_2020,European Union - 27 countries (from 2020),F,Females,Y14-17,From 14 to 17 years,2024,580
EU27_2020,European Union - 27 countries (from 2020),F,Females,Y14-17,From 14 to 17 years,2025,530
FI,Finland,F,Females,Y14-17,From 14 to 17 years,2021,40
FI,Finland,F,Females,Y14-17,From 14 to 17 years,2022,50
FI,Finland,F,Females,Y14-17,From 14 to 17 years,2023,85
FI,Finland,F,Females,Y14-17,From 14 to 17 years,2024,40
FI,Finland,F,Females,Y14-17,From 14 to 17 years,2025,30
FR,France,F,Females,Y14-17,From 14 to 17 years,2021,95
FR,France,F,Females,Y14-17,From 14 to 17 years,2022,155
FR,France,F,Females,Y14-17,From 14 to 17 years,2023,170
FR,France,F,Females,Y14-17,From 14 to 17 years,2024,100
FR,France,F,Females,Y14-17,From 14 to 17 years,2025,165
HR,Croatia,F,Females,Y14-17,From 14 to 17 years,2021,0
HR,Croatia,F,Females,Y14-17,From 14 to 17 years,2022,0
HR,Croatia,F,Females,Y14-17,From 14 to 17 years,2023,0
HR,Croatia,F,Females,Y14-17,From 14 to 17 years,2024,0
HR,Croatia,F,Females,Y14-17,From 14 to 17 years,2025,0
HU,Hungary,F,Females,Y14-17,From 14 to 17 years,2021,0
HU,Hungary,F,Females,Y14-17,From 14 to 17 years,2022,0
HU,Hungary,F,Females,Y14-17,From 14 to 17 years,2023,0
HU,Hungary,F,Females,Y14-17,From 14 to 17 years,2024,0
HU,Hungary,F,Females,Y14-17,From 14 to 17 years,2025,0
IE,Ireland,F,Females,Y14-17,From 14 to 17 years,2021,10
IE,Ireland,F,Females,Y14-17,From 14 to 17 years,2022,15
IE,Ireland,F,Females,Y14-17,From 14 to 17 years,2023,5
IE,Ireland,F,Females,Y14-17,From 14 to 17 years,2024,5
IE,Ireland,F,Females,Y14-17,From 14 to 17 years,2025,15
IS,Iceland,F,Females,Y14-17,From 14 to 17 years,2021,0
IS,Iceland,F,Females,Y14-17,From 14 to 17 years,2022,0
IS,Iceland,F,Females,Y14-17,From 14 to 17 years,2023,0
IS,Iceland,F,Females,Y14-17,From 14 to 17 years,2024,0
IS,Iceland,F,Females,Y14-17,From 14 to 17 years,2025,0
IT,Italy,F,Females,Y14-17,From 14 to 17 years,2021,190
IT,Italy,F,Females,Y14-17,From 14 to 17 years,2022,40
IT,Italy,F,Females,Y14-17,From 14 to 17 years,2023,45
IT,Italy,F,Females,Y14-17,From 14 to 17 years,2024,65
IT,Italy,F,Females,Y14-17,From 14 to 17 years,2025,35
LI,Liechtenstein,F,Females,Y14-17,From 14 to 17 years,2021,0
LI,Liechtenstein,F,Females,Y14-17,From 14 to 17 years,2022,0
LI,Liechtenstein,F,Females,Y14-17,From 14 to 17 years,2023,0
LI,Liechtenstein,F,Females,Y14-17,From 14 to 17 years,2024,0
LI,Liechtenstein,F,Females,Y14-17,From 14 to 17 years,2025,0
LT,Lithuania,F,Females,Y14-17,From 14 to 17 years,2021,0
LT,Lithuania,F,Females,Y14-17,From 14 to 17 years,2022,0
LT,Lithuania,F,Females,Y14-17,From 14 to 17 years,2023,0
LT,Lithuania,F,Females,Y14-17,From 14 to 17 years,2024,0
LT,Lithuania,F,Females,Y14-17,From 14 to 17 years,2025,0
LU,Luxembourg,F,Females,Y14-17,From 14 to 17 years,2021,0
LU,Luxembourg,F,Females,Y14-17,From 14 to 17 years,2022,0
LU,Luxembourg,F,Females,Y14-17,From 14 to 17 years,2023,0
LU,Luxembourg,F,Females,Y14-17,From 14 to 17 years,2024,0
LU,Luxembourg,F,Females,Y14-17,From 14 to 17 years,2025,0
LV,Latvia,F,Females,Y14-17,From 14 to 17 years,2021,0
LV,Latvia,F,Females,Y14-17,From 14 to 17 years,2022,0
LV,Latvia,F,Females,Y14-17,From 14 to 17 years,2023,0
LV,Latvia,F,Females,Y14-17,From 14 to 17 years,2024,0
LV,Latvia,F,Females,Y14-17,From 14 to 17 years,2025,0
MT,Malta,F,Females,Y14-17,From 14 to 17 years,2021,0
MT,Malta,F,Females,Y14-17,From 14 to 17 years,2022,0
MT,Malta,F,Females,Y14-17,From 14 to 17 years,2023,0
MT,Malta,F,Females,Y14-17,From 14 to 17 years,2024,0
MT,Malta,F,Females,Y14-17,From 14 to 17 years,2025,0
NL,Netherlands,F,Females,Y14-17,From 14 to 17 years,2021,30
NL,Netherlands,F,Females,Y14-17,From 14 to 17 years,2022,55
NL,Netherlands,F,Females,Y14-17,From 14 to 17 years,2023,25
NL,Netherlands,F,Females,Y14-17,From 14 to 17 years,2024,45
NL,Netherlands,F,Females,Y14-17,From 14 to 17 years,2025,20
NO,Norway,F,Females,Y14-17,From 14 to 17 years,2021,140
NO,Norway,F,Females,Y14-17,From 14 to 17 years,2022,120
NO,Norway,F,Females,Y14-17,From 14 to 17 years,2023,85
NO,Norway,F,Females,Y14-17,From 14 to 17 years,2024,55
NO,Norway,F,Females,Y14-17,From 14 to 17 years,2025,25
PL,Poland,F,Females,Y14-17,From 14 to 17 years,2021,0
PL,Poland,F,Females,Y14-17,From 14 to 17 years,2022,0
PL,Poland,F,Females,Y14-17,From 14 to 17 years,2023,0
PL,Poland,F,Females,Y14-17,From 14 to 17 years,2024,0
PL,Poland,F,Females,Y14-17,From 14 to 17 years,2025,0
PT,Portugal,F,Females,Y14-17,From 14 to 17 years,2021,0
PT,Portugal,F,Females,Y14-17,From 14 to 17 years,2022,0
PT,Portugal,F,Females,Y14-17,From 14 to 17 years,2023,0
PT,Portugal,F,Females,Y14-17,From 14 to 17 years,2024,0
PT,Portugal,F,Females,Y14-17,From 14 to 17 years,2025,15
RO,Romania,F,Females,Y14-17,From 14 to 17 years,2021,0
RO,Romania,F,Females,Y14-17,From 14 to 17 years,2022,5
RO,Romania,F,Females,Y14-17,From 14 to 17 years,2023,10
RO,Romania,F,Females,Y14-17,From 14 to 17 years,2024,0
RO,Romania,F,Females,Y14-17,From 14 to 17 years,2025,5
SE,Sweden,F,Females,Y14-17,From 14 to 17 years,2021,300
SE,Sweden,F,Females,Y14-17,From 14 to 17 years,2022,230
SE,Sweden,F,Females,Y14-17,From 14 to 17 years,2023,25
SE,Sweden,F,Females,Y14-17,From 14 to 17 years,2024,60
SE,Sweden,F,Females,Y14-17,From 14 to 17 years,2025,75
SI,Slovenia,F,Females,Y14-17,From 14 to 17 years,2021,0
SI,Slovenia,F,Females,Y14-17,From 14 to 17 years,2022,0
SI,Slovenia,F,Females,Y14-17,From 14 to 17 years,2023,0
SI,Slovenia,F,Females,Y14-17,From 14 to 17 years,2024,5
SI,Slovenia,F,Females,Y14-17,From 14 to 17 years,2025,0
SK,Slovakia,F,Females,Y14-17,From 14 to 17 years,2021,0
SK,Slovakia,F,Females,Y14-17,From 14 to 17 years,2022,0
SK,Slovakia,F,Females,Y14-17,From 14 to 17 years,2023,0
SK,Slovakia,F,Females,Y14-17,From 14 to 17 years,2024,0
SK,Slovakia,F,Females,Y14-17,From 14 to 17 years,2025,0
AT,Austria,F,Females,Y18-34,From 18 to 34 years,2021,0
AT,Austria,F,Females,Y18-34,From 18 to 34 years,2022,0
AT,Austria,F,Females,Y18-34,From 18 to 34 years,2023,0
AT,Austria,F,Females,Y18-34,From 18 to 34 years,2024,0
AT,Austria,F,Females,Y18-34,From 18 to 34 years,2025,0
BE,Belgium,F,Females,Y18-34,From 18 to 34 years,2021,110
BE,Belgium,F,Females,Y18-34,From 18 to 34 years,2022,10
BE,Belgium,F,Females,Y18-34,From 18 to 34 years,2023,55
BE,Belgium,F,Females,Y18-34,From 18 to 34 years,2024,70
BE,Belgium,F,Females,Y18-34,From 18 to 34 years,2025,10
BG,Bulgaria,F,Females,Y18-34,From 18 to 34 years,2021,0
BG,Bulgaria,F,Females,Y18-34,From 18 to 34 years,2022,0
BG,Bulgaria,F,Females,Y18-34,From 18 to 34 years,2023,0
BG,Bulgaria,F,Females,Y18-34,From 18 to 34 years,2024,0
BG,Bulgaria,F,Females,Y18-34,From 18 to 34 years,2025,5
CH,Switzerland,F,Females,Y18-34,From 18 to 34 years,2021,170
CH,Switzerland,F,Females,Y18-34,From 18 to 34 years,2022,85
CH,Switzerland,F,Females,Y18-34,From 18 to 34 years,2023,70
CH,Switzerland,F,Females,Y18-34,From 18 to 34 years,2024,0
CH,Switzerland,F,Females,Y18-34,From 18 to 34 years,2025,10
CY,Cyprus,F,Females,Y18-34,From 18 to 34 years,2021,0
CY,Cyprus,F,Females,Y18-34,From 18 to 34 years,2022,0
CY,Cyprus,F,Females,Y18-34,From 18 to 34 years,2023,0
CY,Cyprus,F,Females,Y18-34,From 18 to 34 years,2024,0
CY,Cyprus,F,Females,Y18-34,From 18 to 34 years,2025,0
CZ,Czechia,F,Females,Y18-34,From 18 to 34 years,2021,0
CZ,Czechia,F,Females,Y18-34,From 18 to 34 years,2022,0
CZ,Czechia,F,Females,Y18-34,From 18 to 34 years,2023,0
CZ,Czechia,F,Females,Y18-34,From 18 to 34 years,2024,0
CZ,Czechia,F,Females,Y18-34,From 18 to 34 years,2025,0
DE,Germany,F,Females,Y18-34,From 18 to 34 years,2021,650
DE,Germany,F,Females,Y18-34,From 18 to 34 years,2022,565
DE,Germany,F,Females,Y18-34,From 18 to 34 years,2023,640
DE,Germany,F,Females,Y18-34,From 18 to 34 years,2024,850
DE,Germany,F,Females,Y18-34,From 18 to 34 years,2025,410
DK,Denmark,F,Females,Y18-34,From 18 to 34 years,2021,15
DK,Denmark,F,Females,Y18-34,From 18 to 34 years,2022,25
DK,Denmark,F,Females,Y18-34,From 18 to 34 years,2023,35
DK,Denmark,F,Females,Y18-34,From 18 to 34 years,2024,5
DK,Denmark,F,Females,Y18-34,From 18 to 34 years,2025,90
EE,Estonia,F,Females,Y18-34,From 18 to 34 years,2021,0
EE,Estonia,F,Females,Y18-34,From 18 to 34 years,2022,0
EE,Estonia,F,Females,Y18-34,From 18 to 34 years,2023,0
EE,Estonia,F,Females,Y18-34,From 18 to 34 years,2024,0
EE,Estonia,F,Females,Y18-34,From 18 to 34 years,2025,0
EL,Greece,F,Females,Y18-34,From 18 to 34 years,2021,0
EL,Greece,F,Females,Y18-34,From 18 to 34 years,2022,0
EL,Greece,F,Females,Y18-34,From 18 to 34 years,2023,0
EL,Greece,F,Females,Y18-34,From 18 to 34 years,2024,0
EL,Greece,F,Females,Y18-34,From 18 to 34 years,2025,0
ES,Spain,F,Females,Y18-34,From 18 to 34 years,2021,70
ES,Spain,F,Females,Y18-34,From 18 to 34 years,2022,155
ES,Spain,F,Females,Y18-34,From 18 to 34 years,2023,130
ES,Spain,F,Females,Y18-34,From 18 to 34 years,2024,105
ES,Spain,F,Females,Y18-34,From 18 to 34 years,2025,135
EU27_2020,European Union - 27 countries (from 2020),F,Females,Y18-34,From 18 to 34 years,2021,3280
EU27_2020,European Union - 27 countries (from 2020),F,Females,Y18-34,From 18 to 34 years,2022,2650
EU27_2020,European Union - 27 countries (from 2020),F,Females,Y18-34,From 18 to 34 years,2023,2110
EU27_2020,European Union - 27 countries (from 2020),F,Females,Y18-34,From 18 to 34 years,2024,2280
EU27_2020,European Union - 27 countries (from 2020),F,Females,Y18-34,From 18 to 34 years,2025,1820
FI,Finland,F,Females,Y18-34,From 18 to 34 years,2021,120
FI,Finland,F,Females,Y18-34,From 18 to 34 years,2022,155
FI,Finland,F,Females,Y18-34,From 18 to 34 years,2023,235
FI,Finland,F,Females,Y18-34,From 18 to 34 years,2024,120
FI,Finland,F,Females,Y18-34,From 18 to 34 years,2025,145
FR,France,F,Females,Y18-34,From 18 to 34 years,2021,265
FR,France,F,Females,Y18-34,From 18 to 34 years,2022,420
FR,France,F,Females,Y18-34,From 18 to 34 years,2023,380
FR,France,F,Females,Y18-34,From 18 to 34 years,2024,430
FR,France,F,Females,Y18-34,From 18 to 34 years,2025,495
HR,Croatia,F,Females,Y18-34,From 18 to 34 years,2021,0
HR,Croatia,F,Females,Y18-34,From 18 to 34 years,2022,0
HR,Croatia,F,Females,Y18-34,From 18 to 34 years,2023,0
HR,Croatia,F,Females,Y18-34,From 18 to 34 years,2024,0
HR,Croatia,F,Females,Y18-34,From 18 to 34 years,2025,0
HU,Hungary,F,Females,Y18-34,From 18 to 34 years,2021,0
HU,Hungary,F,Females,Y18-34,From 18 to 34 years,2022,0
HU,Hungary,F,Females,Y18-34,From 18 to 34 years,2023,0
HU,Hungary,F,Females,Y18-34,From 18 to 34 years,2024,0
HU,Hungary,F,Females,Y18-34,From 18 to 34 years,2025,0
IE,Ireland,F,Females,Y18-34,From 18 to 34 years,2021,95
IE,Ireland,F,Females,Y18-34,From 18 to 34 years,2022,65
IE,Ireland,F,Females,Y18-34,From 18 to 34 years,2023,20
IE,Ireland,F,Females,Y18-34,From 18 to 34 years,2024,30
IE,Ireland,F,Females,Y18-34,From 18 to 34 years,2025,40
IS,Iceland,F,Females,Y18-34,From 18 to 34 years,2021,5
IS,Iceland,F,Females,Y18-34,From 18 to 34 years,2022,0
IS,Iceland,F,Females,Y18-34,From 18 to 34 years,2023,5
IS,Iceland,F,Females,Y18-34,From 18 to 34 years,2024,0
IS,Iceland,F,Females,Y18-34,From 18 to 34 years,2025,0
IT,Italy,F,Females,Y18-34,From 18 to 34 years,2021,955
IT,Italy,F,Females,Y18-34,From 18 to 34 years,2022,325
IT,Italy,F,Females,Y18-34,From 18 to 34 years,2023,365
IT,Italy,F,Females,Y18-34,From 18 to 34 years,2024,385
IT,Italy,F,Females,Y18-34,From 18 to 34 years,2025,200
LI,Liechtenstein,F,Females,Y18-34,From 18 to 34 years,2021,0
LI,Liechtenstein,F,Females,Y18-34,From 18 to 34 years,2022,0
LI,Liechtenstein,F,Females,Y18-34,From 18 to 34 years,2023,0
LI,Liechtenstein,F,Females,Y18-34,From 18 to 34 years,2024,0
LI,Liechtenstein,F,Females,Y18-34,From 18 to 34 years,2025,0
LT,Lithuania,F,Females,Y18-34,From 18 to 34 years,2021,5
LT,Lithuania,F,Females,Y18-34,From 18 to 34 years,2022,0
LT,Lithuania,F,Females,Y18-34,From 18 to 34 years,2023,0
LT,Lithuania,F,Females,Y18-34,From 18 to 34 years,2024,0
LT,Lithuania,F,Females,Y18-34,From 18 to 34 years,2025,0
LU,Luxembourg,F,Females,Y18-34,From 18 to 34 years,2021,0
LU,Luxembourg,F,Females,Y18-34,From 18 to 34 years,2022,0
LU,Luxembourg,F,Females,Y18-34,From 18 to 34 years,2023,0
LU,Luxembourg,F,Females,Y18-34,From 18 to 34 years,2024,0
LU,Luxembourg,F,Females,Y18-34,From 18 to 34 years,2025,0
LV,Latvia,F,Females,Y18-34,From 18 to 34 years,2021,0
LV,Latvia,F,Females,Y18-34,From 18 to 34 years,2022,0
LV,Latvia,F,Females,Y18-34,From 18 to 34 years,2023,0
LV,Latvia,F,Females,Y18-34,From 18 to 34 years,2024,0
LV,Latvia,F,Females,Y18-34,From 18 to 34 years,2025,0
MT,Malta,F,Females,Y18-34,From 18 to 34 years,2021,0
MT,Malta,F,Females,Y18-34,From 18 to 34 years,2022,0
MT,Malta,F,Females,Y18-34,From 18 to 34 years,2023,0
MT,Malta,F,Females,Y18-34,From 18 to 34 years,2024,0
MT,Malta,F,Females,Y18-34,From 18 to 34 years,2025,0
NL,Netherlands,F,Females,Y18-34,From 18 to 34 years,2021,55
NL,Netherlands,F,Females,Y18-34,From 18 to 34 years,2022,180
NL,Netherlands,F,Females,Y18-34,From 18 to 34 years,2023,135
NL,Netherlands,F,Females,Y18-34,From 18 to 34 years,2024,90
NL,Netherlands,F,Females,Y18-34,From 18 to 34 years,2025,75
NO,Norway,F,Females,Y18-34,From 18 to 34 years,2021,560
NO,Norway,F,Females,Y18-34,From 18 to 34 years,2022,485
NO,Norway,F,Females,Y18-34,From 18 to 34 years,2023,380
NO,Norway,F,Females,Y18-34,From 18 to 34 years,2024,240
NO,Norway,F,Females,Y18-34,From 18 to 34 years,2025,130
PL,Poland,F,Females,Y18-34,From 18 to 34 years,2021,0
PL,Poland,F,Females,Y18-34,From 18 to 34 years,2022,0
PL,Poland,F,Females,Y18-34,From 18 to 34 years,2023,0
PL,Poland,F,Females,Y18-34,From 18 to 34 years,2024,0
PL,Poland,F,Females,Y18-34,From 18 to 34 years,2025,0
PT,Portugal,F,Females,Y18-34,From 18 to 34 years,2021,0
PT,Portugal,F,Females,Y18-34,From 18 to 34 years,2022,0
PT,Portugal,F,Females,Y18-34,From 18 to 34 years,2023,0
PT,Portugal,F,Females,Y18-34,From 18 to 34 years,2024,0
PT,Portugal,F,Females,Y18-34,From 18 to 34 years,2025,35
RO,Romania,F,Females,Y18-34,From 18 to 34 years,2021,10
RO,Romania,F,Females,Y18-34,From 18 to 34 years,2022,10
RO,Romania,F,Females,Y18-34,From 18 to 34 years,2023,15
RO,Romania,F,Females,Y18-34,From 18 to 34 years,2024,0
RO,Romania,F,Females,Y18-34,From 18 to 34 years,2025,15
SE,Sweden,F,Females,Y18-34,From 18 to 34 years,2021,930
SE,Sweden,F,Females,Y18-34,From 18 to 34 years,2022,740
SE,Sweden,F,Females,Y18-34,From 18 to 34 years,2023,95
SE,Sweden,F,Females,Y18-34,From 18 to 34 years,2024,190
SE,Sweden,F,Females,Y18-34,From 18 to 34 years,2025,170
SI,Slovenia,F,Females,Y18-34,From 18 to 34 years,2021,0
SI,Slovenia,F,Females,Y18-34,From 18 to 34 years,2022,0
SI,Slovenia,F,Females,Y18-34,From 18 to 34 years,2023,0
SI,Slovenia,F,Females,Y18-34,From 18 to 34 years,2024,5
SI,Slovenia,F,Females,Y18-34,From 18 to 34 years,2025,0
SK,Slovakia,F,Females,Y18-34,From 18 to 34 years,2021,0
SK,Slovakia,F,Females,Y18-34,From 18 to 34 years,2022,0
SK,Slovakia,F,Females,Y18-34,From 18 to 34 years,2023,0
SK,Slovakia,F,Females,Y18-34,From 18 to 34 years,2024,0
SK,Slovakia,F,Females,Y18-34,From 18 to 34 years,2025,0
AT,Austria,F,Females,Y35-64,From 35 to 64 years,2021,0
AT,Austria,F,Females,Y35-64,From 35 to 64 years,2022,0
AT,Austria,F,Females,Y35-64,From 35 to 64 years,2023,0
AT,Austria,F,Females,Y35-64,From 35 to 64 years,2024,0
AT,Austria,F,Females,Y35-64,From 35 to 64 years,2025,0
BE,Belgium,F,Females,Y35-64,From 35 to 64 years,2021,125
BE,Belgium,F,Females,Y35-64,From 35 to 64 years,2022,15
BE,Belgium,F,Females,Y35-64,From 35 to 64 years,2023,35
BE,Belgium,F,Females,Y35-64,From 35 to 64 years,2024,55
BE,Belgium,F,Females,Y35-64,From 35 to 64 years,2025,10
BG,Bulgaria,F,Females,Y35-64,From 35 to 64 years,2021,0
BG,Bulgaria,F,Females,Y35-64,From 35 to 64 years,2022,0
BG,Bulgaria,F,Females,Y35-64,From 35 to 64 years,2023,0
BG,Bulgaria,F,Females,Y35-64,From 35 to 64 years,2024,0
BG,Bulgaria,F,Females,Y35-64,From 35 to 64 years,2025,5
CH,Switzerland,F,Females,Y35-64,From 35 to 64 years,2021,95
CH,Switzerland,F,Females,Y35-64,From 35 to 64 years,2022,60
CH,Switzerland,F,Females,Y35-64,From 35 to 64 years,2023,35
CH,Switzerland,F,Females,Y35-64,From 35 to 64 years,2024,0
CH,Switzerland,F,Females,Y35-64,From 35 to 64 years,2025,10
CY,Cyprus,F,Females,Y35-64,From 35 to 64 years,2021,0
CY,Cyprus,F,Females,Y35-64,From 35 to 64 years,2022,0
CY,Cyprus,F,Females,Y35-64,From 35 to 64 years,2023,0
CY,Cyprus,F,Females,Y35-64,From 35 to 64 years,2024,0
CY,Cyprus,F,Females,Y35-64,From 35 to 64 years,2025,0
CZ,Czechia,F,Females,Y35-64,From 35 to 64 years,2021,0
CZ,Czechia,F,Females,Y35-64,From 35 to 64 years,2022,0
CZ,Czechia,F,Females,Y35-64,From 35 to 64 years,2023,0
CZ,Czechia,F,Females,Y35-64,From 35 to 64 years,2024,0
CZ,Czechia,F,Females,Y35-64,From 35 to 64 years,2025,0
DE,Germany,F,Females,Y35-64,From 35 to 64 years,2021,645
DE,Germany,F,Females,Y35-64,From 35 to 64 years,2022,580
DE,Germany,F,Females,Y35-64,From 35 to 64 years,2023,615
DE,Germany,F,Females,Y35-64,From 35 to 64 years,2024,670
DE,Germany,F,Females,Y35-64,From 35 to 64 years,2025,245
DK,Denmark,F,Females,Y35-64,From 35 to 64 years,2021,10
DK,Denmark,F,Females,Y35-64,From 35 to 64 years,2022,25
DK,Denmark,F,Females,Y35-64,From 35 to 64 years,2023,20
DK,Denmark,F,Females,Y35-64,From 35 to 64 years,2024,5
DK,Denmark,F,Females,Y35-64,From 35 to 64 years,2025,50
EE,Estonia,F,Females,Y35-64,From 35 to 64 years,2021,0
EE,Estonia,F,Females,Y35-64,From 35 to 64 years,2022,0
EE,Estonia,F,Females,Y35-64,From 35 to 64 years,2023,0
EE,Estonia,F,Females,Y35-64,From 35 to 64 years,2024,0
EE,Estonia,F,Females,Y35-64,From 35 to 64 years,2025,0
EL,Greece,F,Females,Y35-64,From 35 to 64 years,2021,0
EL,Greece,F,Females,Y35-64,From 35 to 64 years,2022,0
EL,Greece,F,Females,Y35-64,From 35 to 64 years,2023,0
EL,Greece,F,Females,Y35-64,From 35 to 64 years,2024,0
EL,Greece,F,Females,Y35-64,From 35 to 64 years,2025,0
ES,Spain,F,Females,Y35-64,From 35 to 64 years,2021,60
ES,Spain,F,Females,Y35-64,From 35 to 64 years,2022,95
ES,Spain,F,Females,Y35-64,From 35 to 64 years,2023,130
ES,Spain,F,Females,Y35-64,From 35 to 64 years,2024,100
ES,Spain,F,Females,Y35-64,From 35 to 64 years,2025,120
EU27_2020,European Union - 27 countries (from 2020),F,Females,Y35-64,From 35 to 64 years,2021,2705
EU27_2020,European Union - 27 countries (from 2020),F,Females,Y35-64,From 35 to 64 years,2022,2065
EU27_2020,European Union - 27 countries (from 2020),F,Females,Y35-64,From 35 to 64 years,2023,1685
EU27_2020,European Union - 27 countries (from 2020),F,Females,Y35-64,From 35 to 64 years,2024,1590
EU27_2020,European Union - 27 countries (from 2020),F,Females,Y35-64,From 35 to 64 years,2025,1280
FI,Finland,F,Females,Y35-64,From 35 to 64 years,2021,80
FI,Finland,F,Females,Y35-64,From 35 to 64 years,2022,85
FI,Finland,F,Females,Y35-64,From 35 to 64 years,2023,195
FI,Finland,F,Females,Y35-64,From 35 to 64 years,2024,105
FI,Finland,F,Females,Y35-64,From 35 to 64 years,2025,75
FR,France,F,Females,Y35-64,From 35 to 64 years,2021,215
FR,France,F,Females,Y35-64,From 35 to 64 years,2022,355
FR,France,F,Females,Y35-64,From 35 to 64 years,2023,340
FR,France,F,Females,Y35-64,From 35 to 64 years,2024,255
FR,France,F,Females,Y35-64,From 35 to 64 years,2025,400
HR,Croatia,F,Females,Y35-64,From 35 to 64 years,2021,0
HR,Croatia,F,Females,Y35-64,From 35 to 64 years,2022,0
HR,Croatia,F,Females,Y35-64,From 35 to 64 years,2023,0
HR,Croatia,F,Females,Y35-64,From 35 to 64 years,2024,0
HR,Croatia,F,Females,Y35-64,From 35 to 64 years,2025,0
HU,Hungary,F,Females,Y35-64,From 35 to 64 years,2021,0
HU,Hungary,F,Females,Y35-64,From 35 to 64 years,2022,0
HU,Hungary,F,Females,Y35-64,From 35 to 64 years,2023,0
HU,Hungary,F,Females,Y35-64,From 35 to 64 years,2024,0
HU,Hungary,F,Females,Y35-64,From 35 to 64 years,2025,0
IE,Ireland,F,Females,Y35-64,From 35 to 64 years,2021,50
IE,Ireland,F,Females,Y35-64,From 35 to 64 years,2022,50
IE,Ireland,F,Females,Y35-64,From 35 to 64 years,2023,15
IE,Ireland,F,Females,Y35-64,From 35 to 64 years,2024,20
IE,Ireland,F,Females,Y35-64,From 35 to 64 years,2025,35
IS,Iceland,F,Females,Y35-64,From 35 to 64 years,2021,5
IS,Iceland,F,Females,Y35-64,From 35 to 64 years,2022,0
IS,Iceland,F,Females,Y35-64,From 35 to 64 years,2023,0
IS,Iceland,F,Females,Y35-64,From 35 to 64 years,2024,0
IS,Iceland,F,Females,Y35-64,From 35 to 64 years,2025,0
IT,Italy,F,Females,Y35-64,From 35 to 64 years,2021,740
IT,Italy,F,Females,Y35-64,From 35 to 64 years,2022,115
IT,Italy,F,Females,Y35-64,From 35 to 64 years,2023,180
IT,Italy,F,Females,Y35-64,From 35 to 64 years,2024,165
IT,Italy,F,Females,Y35-64,From 35 to 64 years,2025,110
LI,Liechtenstein,F,Females,Y35-64,From 35 to 64 years,2021,0
LI,Liechtenstein,F,Females,Y35-64,From 35 to 64 years,2022,0
LI,Liechtenstein,F,Females,Y35-64,From 35 to 64 years,2023,0
LI,Liechtenstein,F,Females,Y35-64,From 35 to 64 years,2024,0
LI,Liechtenstein,F,Females,Y35-64,From 35 to 64 years,2025,0
LT,Lithuania,F,Females,Y35-64,From 35 to 64 years,2021,0
LT,Lithuania,F,Females,Y35-64,From 35 to 64 years,2022,0
LT,Lithuania,F,Females,Y35-64,From 35 to 64 years,2023,0
LT,Lithuania,F,Females,Y35-64,From 35 to 64 years,2024,0
LT,Lithuania,F,Females,Y35-64,From 35 to 64 years,2025,0
LU,Luxembourg,F,Females,Y35-64,From 35 to 64 years,2021,0
LU,Luxembourg,F,Females,Y35-64,From 35 to 64 years,2022,0
LU,Luxembourg,F,Females,Y35-64,From 35 to 64 years,2023,0
LU,Luxembourg,F,Females,Y35-64,From 35 to 64 years,2024,0
LU,Luxembourg,F,Females,Y35-64,From 35 to 64 years,2025,0
LV,Latvia,F,Females,Y35-64,From 35 to 64 years,2021,0
LV,Latvia,F,Females,Y35-64,From 35 to 64 years,2022,0
LV,Latvia,F,Females,Y35-64,From 35 to 64 years,2023,0
LV,Latvia,F,Females,Y35-64,From 35 to 64 years,2024,0
LV,Latvia,F,Females,Y35-64,From 35 to 64 years,2025,0
MT,Malta,F,Females,Y35-64,From 35 to 64 years,2021,0
MT,Malta,F,Females,Y35-64,From 35 to 64 years,2022,0
MT,Malta,F,Females,Y35-64,From 35 to 64 years,2023,0
MT,Malta,F,Females,Y35-64,From 35 to 64 years,2024,0
MT,Malta,F,Females,Y35-64,From 35 to 64 years,2025,0
NL,Netherlands,F,Females,Y35-64,From 35 to 64 years,2021,65
NL,Netherlands,F,Females,Y35-64,From 35 to 64 years,2022,170
NL,Netherlands,F,Females,Y35-64,From 35 to 64 years,2023,85
NL,Netherlands,F,Females,Y35-64,From 35 to 64 years,2024,115
NL,Netherlands,F,Females,Y35-64,From 35 to 64 years,2025,75
NO,Norway,F,Females,Y35-64,From 35 to 64 years,2021,320
NO,Norway,F,Females,Y35-64,From 35 to 64 years,2022,265
NO,Norway,F,Females,Y35-64,From 35 to 64 years,2023,210
NO,Norway,F,Females,Y35-64,From 35 to 64 years,2024,150
NO,Norway,F,Females,Y35-64,From 35 to 64 years,2025,60
PL,Poland,F,Females,Y35-64,From 35 to 64 years,2021,0
PL,Poland,F,Females,Y35-64,From 35 to 64 years,2022,0
PL,Poland,F,Females,Y35-64,From 35 to 64 years,2023,0
PL,Poland,F,Females,Y35-64,From 35 to 64 years,2024,0
PL,Poland,F,Females,Y35-64,From 35 to 64 years,2025,0
PT,Portugal,F,Females,Y35-64,From 35 to 64 years,2021,0
PT,Portugal,F,Females,Y35-64,From 35 to 64 years,2022,0
PT,Portugal,F,Females,Y35-64,From 35 to 64 years,2023,0
PT,Portugal,F,Females,Y35-64,From 35 to 64 years,2024,0
PT,Portugal,F,Females,Y35-64,From 35 to 64 years,2025,35
RO,Romania,F,Females,Y35-64,From 35 to 64 years,2021,5
RO,Romania,F,Females,Y35-64,From 35 to 64 years,2022,10
RO,Romania,F,Females,Y35-64,From 35 to 64 years,2023,15
RO,Romania,F,Females,Y35-64,From 35 to 64 years,2024,0
RO,Romania,F,Females,Y35-64,From 35 to 64 years,2025,15
SE,Sweden,F,Females,Y35-64,From 35 to 64 years,2021,700
SE,Sweden,F,Females,Y35-64,From 35 to 64 years,2022,575
SE,Sweden,F,Females,Y35-64,From 35 to 64 years,2023,50
SE,Sweden,F,Females,Y35-64,From 35 to 64 years,2024,95
SE,Sweden,F,Females,Y35-64,From 35 to 64 years,2025,100
SI,Slovenia,F,Females,Y35-64,From 35 to 64 years,2021,0
SI,Slovenia,F,Females,Y35-64,From 35 to 64 years,2022,0
SI,Slovenia,F,Females,Y35-64,From 35 to 64 years,2023,5
SI,Slovenia,F,Females,Y35-64,From 35 to 64 years,2024,5
SI,Slovenia,F,Females,Y35-64,From 35 to 64 years,2025,0
SK,Slovakia,F,Females,Y35-64,From 35 to 64 years,2021,0
SK,Slovakia,F,Females,Y35-64,From 35 to 64 years,2022,0
SK,Slovakia,F,Females,Y35-64,From 35 to 64 years,2023,0
SK,Slovakia,F,Females,Y35-64,From 35 to 64 years,2024,0
SK,Slovakia,F,Females,Y35-64,From 35 to 64 years,2025,0
AT,Austria,F,Females,Y_GE65,65 years or over,2021,0
AT,Austria,F,Females,Y_GE65,65 years or over,2022,0
AT,Austria,F,Females,Y_GE65,65 years or over,2023,0
AT,Austria,F,Females,Y_GE65,65 years or over,2024,0
AT,Austria,F,Females,Y_GE65,65 years or over,2025,0
BE,Belgium,F,Females,Y_GE65,65 years or over,2021,5
BE,Belgium,F,Females,Y_GE65,65 years or over,2022,0
BE,Belgium,F,Females,Y_GE65,65 years or over,2023,5
BE,Belgium,F,Females,Y_GE65,65 years or over,2024,0
BE,Belgium,F,Females,Y_GE65,65 years or over,2025,0
BG,Bulgaria,F,Females,Y_GE65,65 years or over,2021,0
BG,Bulgaria,F,Females,Y_GE65,65 years or over,2022,0
BG,Bulgaria,F,Females,Y_GE65,65 years or over,2023,0
BG,Bulgaria,F,Females,Y_GE65,65 years or over,2024,0
BG,Bulgaria,F,Females,Y_GE65,65 years or over,2025,0
CH,Switzerland,F,Females,Y_GE65,65 years or over,2021,0
CH,Switzerland,F,Females,Y_GE65,65 years or over,2022,0
CH,Switzerland,F,Females,Y_GE65,65 years or over,2023,0
CH,Switzerland,F,Females,Y_GE65,65 years or over,2024,0
CH,Switzerland,F,Females,Y_GE65,65 years or over,2025,0
CY,Cyprus,F,Females,Y_GE65,65 years or over,2021,0
CY,Cyprus,F,Females,Y_GE65,65 years or over,2022,0
CY,Cyprus,F,Females,Y_GE65,65 years or over,2023,0
CY,Cyprus,F,Females,Y_GE65,65 years or over,2024,0
CY,Cyprus,F,Females,Y_GE65,65 years or over,2025,0
CZ,Czechia,F,Females,Y_GE65,65 years or over,2021,0
CZ,Czechia,F,Females,Y_GE65,65 years or over,2022,0
CZ,Czechia,F,Females,Y_GE65,65 years or over,2023,0
CZ,Czechia,F,Females,Y_GE65,65 years or over,2024,0
CZ,Czechia,F,Females,Y_GE65,65 years or over,2025,0
DE,Germany,F,Females,Y_GE65,65 years or over,2021,40
DE,Germany,F,Females,Y_GE65,65 years or over,2022,50
DE,Germany,F,Females,Y_GE65,65 years or over,2023,55
DE,Germany,F,Females,Y_GE65,65 years or over,2024,65
DE,Germany,F,Females,Y_GE65,65 years or over,2025,25
DK,Denmark,F,Females,Y_GE65,65 years or over,2021,0
DK,Denmark,F,Females,Y_GE65,65 years or over,2022,0
DK,Denmark,F,Females,Y_GE65,65 years or over,2023,0
DK,Denmark,F,Females,Y_GE65,65 years or over,2024,0
DK,Denmark,F,Females,Y_GE65,65 years or over,2025,0
EE,Estonia,F,Females,Y_GE65,65 years or over,2021,0
EE,Estonia,F,Females,Y_GE65,65 years or over,2022,0
EE,Estonia,F,Females,Y_GE65,65 years or over,2023,0
EE,Estonia,F,Females,Y_GE65,65 years or over,2024,0
EE,Estonia,F,Females,Y_GE65,65 years or over,2025,0
EL,Greece,F,Females,Y_GE65,65 years or over,2021,0
EL,Greece,F,Females,Y_GE65,65 years or over,2022,0
EL,Greece,F,Females,Y_GE65,65 years or over,2023,0
EL,Greece,F,Females,Y_GE65,65 years or over,2024,0
EL,Greece,F,Females,Y_GE65,65 years or over,2025,0
ES,Spain,F,Females,Y_GE65,65 years or over,2021,0
ES,Spain,F,Females,Y_GE65,65 years or over,2022,0
ES,Spain,F,Females,Y_GE65,65 years or over,2023,0
ES,Spain,F,Females,Y_GE65,65 years or over,2024,0
ES,Spain,F,Females,Y_GE65,65 years or over,2025,0
EU27_2020,European Union - 27 countries (from 2020),F,Females,Y_GE65,65 years or over,2021,135
EU27_2020,European Union - 27 countries (from 2020),F,Females,Y_GE65,65 years or over,2022,125
EU27_2020,European Union - 27 countries (from 2020),F,Females,Y_GE65,65 years or over,2023,110
EU27_2020,European Union - 27 countries (from 2020),F,Females,Y_GE65,65 years or over,2024,100
EU27_2020,European Union - 27 countries (from 2020),F,Females,Y_GE65,65 years or over,2025,50
FI,Finland,F,Females,Y_GE65,65 years or over,2021,0
FI,Finland,F,Females,Y_GE65,65 years or over,2022,5
FI,Finland,F,Females,Y_GE65,65 years or over,2023,10
FI,Finland,F,Females,Y_GE65,65 years or over,2024,0
FI,Finland,F,Females,Y_GE65,65 years or over,2025,0
FR,France,F,Females,Y_GE65,65 years or over,2021,10
FR,France,F,Females,Y_GE65,65 years or over,2022,20
FR,France,F,Females,Y_GE65,65 years or over,2023,15
FR,France,F,Females,Y_GE65,65 years or over,2024,15
FR,France,F,Females,Y_GE65,65 years or over,2025,10
HR,Croatia,F,Females,Y_GE65,65 years or over,2021,0
HR,Croatia,F,Females,Y_GE65,65 years or over,2022,0
HR,Croatia,F,Females,Y_GE65,65 years or over,2023,0
HR,Croatia,F,Females,Y_GE65,65 years or over,2024,0
HR,Croatia,F,Females,Y_GE65,65 years or over,2025,0
HU,Hungary,F,Females,Y_GE65,65 years or over,2021,0
HU,Hungary,F,Females,Y_GE65,65 years or over,2022,0
HU,Hungary,F,Females,Y_GE65,65 years or over,2023,0
HU,Hungary,F,Females,Y_GE65,65 years or over,2024,0
HU,Hungary,F,Females,Y_GE65,65 years or over,2025,0
IE,Ireland,F,Females,Y_GE65,65 years or over,2021,5
IE,Ireland,F,Females,Y_GE65,65 years or over,2022,5
IE,Ireland,F,Females,Y_GE65,65 years or over,2023,0
IE,Ireland,F,Females,Y_GE65,65 years or over,2024,0
IE,Ireland,F,Females,Y_GE65,65 years or over,2025,0
IS,Iceland,F,Females,Y_GE65,65 years or over,2021,0
IS,Iceland,F,Females,Y_GE65,65 years or over,2022,0
IS,Iceland,F,Females,Y_GE65,65 years or over,2023,0
IS,Iceland,F,Females,Y_GE65,65 years or over,2024,0
IS,Iceland,F,Females,Y_GE65,65 years or over,2025,0
IT,Italy,F,Females,Y_GE65,65 years or over,2021,35
IT,Italy,F,Females,Y_GE65,65 years or over,2022,10
IT,Italy,F,Females,Y_GE65,65 years or over,2023,10
IT,Italy,F,Females,Y_GE65,65 years or over,2024,15
IT,Italy,F,Females,Y_GE65,65 years or over,2025,5
LI,Liechtenstein,F,Females,Y_GE65,65 years or over,2021,0
LI,Liechtenstein,F,Females,Y_GE65,65 years or over,2022,0
LI,Liechtenstein,F,Females,Y_GE65,65 years or over,2023,0
LI,Liechtenstein,F,Females,Y_GE65,65 years or over,2024,0
LI,Liechtenstein,F,Females,Y_GE65,65 years or over,2025,0
LT,Lithuania,F,Females,Y_GE65,65 years or over,2021,0
LT,Lithuania,F,Females,Y_GE65,65 years or over,2022,0
LT,Lithuania,F,Females,Y_GE65,65 years or over,2023,0
LT,Lithuania,F,Females,Y_GE65,65 years or over,2024,0
LT,Lithuania,F,Females,Y_GE65,65 years or over,2025,0
LU,Luxembourg,F,Females,Y_GE65,65 years or over,2021,0
LU,Luxembourg,F,Females,Y_GE65,65 years or over,2022,0
LU,Luxembourg,F,Females,Y_GE65,65 years or over,2023,0
LU,Luxembourg,F,Females,Y_GE65,65 years or over,2024,0
LU,Luxembourg,F,Females,Y_GE65,65 years or over,2025,0
LV,Latvia,F,Females,Y_GE65,65 years or over,2021,0
LV,Latvia,F,Females,Y_GE65,65 years or over,2022,0
LV,Latvia,F,Females,Y_GE65,65 years or over,2023,0
LV,Latvia,F,Females,Y_GE65,65 years or over,2024,0
LV,Latvia,F,Females,Y_GE65,65 years or over,2025,0
MT,Malta,F,Females,Y_GE65,65 years or over,2021,0
MT,Malta,F,Females,Y_GE65,65 years or over,2022,0
MT,Malta,F,Females,Y_GE65,65 years or over,2023,0
MT,Malta,F,Females,Y_GE65,65 years or over,2024,0
MT,Malta,F,Females,Y_GE65,65 years or over,2025,0
NL,Netherlands,F,Females,Y_GE65,65 years or over,2021,0
NL,Netherlands,F,Females,Y_GE65,65 years or over,2022,5
NL,Netherlands,F,Females,Y_GE65,65 years or over,2023,5
NL,Netherlands,F,Females,Y_GE65,65 years or over,2024,0
NL,Netherlands,F,Females,Y_GE65,65 years or over,2025,5
NO,Norway,F,Females,Y_GE65,65 years or over,2021,10
NO,Norway,F,Females,Y_GE65,65 years or over,2022,5
NO,Norway,F,Females,Y_GE65,65 years or over,2023,5
NO,Norway,F,Females,Y_GE65,65 years or over,2024,0
NO,Norway,F,Females,Y_GE65,65 years or over,2025,0
PL,Poland,F,Females,Y_GE65,65 years or over,2021,0
PL,Poland,F,Females,Y_GE65,65 years or over,2022,0
PL,Poland,F,Females,Y_GE65,65 years or over,2023,0
PL,Poland,F,Females,Y_GE65,65 years or over,2024,0
PL,Poland,F,Females,Y_GE65,65 years or over,2025,0
PT,Portugal,F,Females,Y_GE65,65 years or over,2021,0
PT,Portugal,F,Females,Y_GE65,65 years or over,2022,0
PT,Portugal,F,Females,Y_GE65,65 years or over,2023,0
PT,Portugal,F,Females,Y_GE65,65 years or over,2024,0
PT,Portugal,F,Females,Y_GE65,65 years or over,2025,5
RO,Romania,F,Females,Y_GE65,65 years or over,2021,0
RO,Romania,F,Females,Y_GE65,65 years or over,2022,0
RO,Romania,F,Females,Y_GE65,65 years or over,2023,0
RO,Romania,F,Females,Y_GE65,65 years or over,2024,0
RO,Romania,F,Females,Y_GE65,65 years or over,2025,0
SE,Sweden,F,Females,Y_GE65,65 years or over,2021,35
SE,Sweden,F,Females,Y_GE65,65 years or over,2022,25
SE,Sweden,F,Females,Y_GE65,65 years or over,2023,5
SE,Sweden,F,Females,Y_GE65,65 years or over,2024,5
SE,Sweden,F,Females,Y_GE65,65 years or over,2025,0
SI,Slovenia,F,Females,Y_GE65,65 years or over,2021,0
SI,Slovenia,F,Females,Y_GE65,65 years or over,2022,0
SI,Slovenia,F,Females,Y_GE65,65 years or over,2023,0
SI,Slovenia,F,Females,Y_GE65,65 years or over,2024,0
SI,Slovenia,F,Females,Y_GE65,65 years or over,2025,0
SK,Slovakia,F,Females,Y_GE65,65 years or over,2021,0
SK,Slovakia,F,Females,Y_GE65,65 years or over,2022,0
SK,Slovakia,F,Females,Y_GE65,65 years or over,2023,0
SK,Slovakia,F,Females,Y_GE65,65 years or over,2024,0
SK,Slovakia,F,Females,Y_GE65,65 years or over,2025,0
AT,Austria,F,Females,Y_LT14,Less than 14 years,2021,0
AT,Austria,F,Females,Y_LT14,Less than 14 years,2022,0
AT,Austria,F,Females,Y_LT14,Less than 14 years,2023,0
AT,Austria,F,Females,Y_LT14,Less than 14 years,2024,0
AT,Austria,F,Females,Y_LT14,Less than 14 years,2025,0
BE,Belgium,F,Females,Y_LT14,Less than 14 years,2021,140
BE,Belgium,F,Females,Y_LT14,Less than 14 years,2022,10
BE,Belgium,F,Females,Y_LT14,Less than 14 years,2023,45
BE,Belgium,F,Females,Y_LT14,Less than 14 years,2024,70
BE,Belgium,F,Females,Y_LT14,Less than 14 years,2025,10
BG,Bulgaria,F,Females,Y_LT14,Less than 14 years,2021,0
BG,Bulgaria,F,Females,Y_LT14,Less than 14 years,2022,0
BG,Bulgaria,F,Females,Y_LT14,Less than 14 years,2023,0
BG,Bulgaria,F,Females,Y_LT14,Less than 14 years,2024,0
BG,Bulgaria,F,Females,Y_LT14,Less than 14 years,2025,0
CH,Switzerland,F,Females,Y_LT14,Less than 14 years,2021,215
CH,Switzerland,F,Females,Y_LT14,Less than 14 years,2022,130
CH,Switzerland,F,Females,Y_LT14,Less than 14 years,2023,80
CH,Switzerland,F,Females,Y_LT14,Less than 14 years,2024,0
CH,Switzerland,F,Females,Y_LT14,Less than 14 years,2025,5
CY,Cyprus,F,Females,Y_LT14,Less than 14 years,2021,0
CY,Cyprus,F,Females,Y_LT14,Less than 14 years,2022,0
CY,Cyprus,F,Females,Y_LT14,Less than 14 years,2023,0
CY,Cyprus,F,Females,Y_LT14,Less than 14 years,2024,0
CY,Cyprus,F,Females,Y_LT14,Less than 14 years,2025,0
CZ,Czechia,F,Females,Y_LT14,Less than 14 years,2021,0
CZ,Czechia,F,Females,Y_LT14,Less than 14 years,2022,0
CZ,Czechia,F,Females,Y_LT14,Less than 14 years,2023,0
CZ,Czechia,F,Females,Y_LT14,Less than 14 years,2024,0
CZ,Czechia,F,Females,Y_LT14,Less than 14 years,2025,0
DE,Germany,F,Females,Y_LT14,Less than 14 years,2021,1120
DE,Germany,F,Females,Y_LT14,Less than 14 years,2022,920
DE,Germany,F,Females,Y_LT14,Less than 14 years,2023,875
DE,Germany,F,Females,Y_LT14,Less than 14 years,2024,1100
DE,Germany,F,Females,Y_LT14,Less than 14 years,2025,400
DK,Denmark,F,Females,Y_LT14,Less than 14 years,2021,10
DK,Denmark,F,Females,Y_LT14,Less than 14 years,2022,35
DK,Denmark,F,Females,Y_LT14,Less than 14 years,2023,40
DK,Denmark,F,Females,Y_LT14,Less than 14 years,2024,10
DK,Denmark,F,Females,Y_LT14,Less than 14 years,2025,65
EE,Estonia,F,Females,Y_LT14,Less than 14 years,2021,0
EE,Estonia,F,Females,Y_LT14,Less than 14 years,2022,0
EE,Estonia,F,Females,Y_LT14,Less than 14 years,2023,0
EE,Estonia,F,Females,Y_LT14,Less than 14 years,2024,0
EE,Estonia,F,Females,Y_LT14,Less than 14 years,2025,0
EL,Greece,F,Females,Y_LT14,Less than 14 years,2021,0
EL,Greece,F,Females,Y_LT14,Less than 14 years,2022,0
EL,Greece,F,Females,Y_LT14,Less than 14 years,2023,0
EL,Greece,F,Females,Y_LT14,Less than 14 years,2024,0
EL,Greece,F,Females,Y_LT14,Less than 14 years,2025,0
ES,Spain,F,Females,Y_LT14,Less than 14 years,2021,90
ES,Spain,F,Females,Y_LT14,Less than 14 years,2022,220
ES,Spain,F,Females,Y_LT14,Less than 14 years,2023,195
ES,Spain,F,Females,Y_LT14,Less than 14 years,2024,110
ES,Spain,F,Females,Y_LT14,Less than 14 years,2025,105
EU27_2020,European Union - 27 countries (from 2020),F,Females,Y_LT14,Less than 14 years,2021,3945
EU27_2020,European Union - 27 countries (from 2020),F,Females,Y_LT14,Less than 14 years,2022,3355
EU27_2020,European Union - 27 countries (from 2020),F,Females,Y_LT14,Less than 14 years,2023,2465
EU27_2020,European Union - 27 countries (from 2020),F,Females,Y_LT14,Less than 14 years,2024,2580
EU27_2020,European Union - 27 countries (from 2020),F,Females,Y_LT14,Less than 14 years,2025,1885
FI,Finland,F,Females,Y_LT14,Less than 14 years,2021,165
FI,Finland,F,Females,Y_LT14,Less than 14 years,2022,195
FI,Finland,F,Females,Y_LT14,Less than 14 years,2023,210
FI,Finland,F,Females,Y_LT14,Less than 14 years,2024,145
FI,Finland,F,Females,Y_LT14,Less than 14 years,2025,120
FR,France,F,Females,Y_LT14,Less than 14 years,2021,340
FR,France,F,Females,Y_LT14,Less than 14 years,2022,595
FR,France,F,Females,Y_LT14,Less than 14 years,2023,520
FR,France,F,Females,Y_LT14,Less than 14 years,2024,475
FR,France,F,Females,Y_LT14,Less than 14 years,2025,610
HR,Croatia,F,Females,Y_LT14,Less than 14 years,2021,0
HR,Croatia,F,Females,Y_LT14,Less than 14 years,2022,0
HR,Croatia,F,Females,Y_LT14,Less than 14 years,2023,0
HR,Croatia,F,Females,Y_LT14,Less than 14 years,2024,0
HR,Croatia,F,Females,Y_LT14,Less than 14 years,2025,0
HU,Hungary,F,Females,Y_LT14,Less than 14 years,2021,0
HU,Hungary,F,Females,Y_LT14,Less than 14 years,2022,0
HU,Hungary,F,Females,Y_LT14,Less than 14 years,2023,0
HU,Hungary,F,Females,Y_LT14,Less than 14 years,2024,0
HU,Hungary,F,Females,Y_LT14,Less than 14 years,2025,0
IE,Ireland,F,Females,Y_LT14,Less than 14 years,2021,60
IE,Ireland,F,Females,Y_LT14,Less than 14 years,2022,50
IE,Ireland,F,Females,Y_LT14,Less than 14 years,2023,20
IE,Ireland,F,Females,Y_LT14,Less than 14 years,2024,40
IE,Ireland,F,Females,Y_LT14,Less than 14 years,2025,35
IS,Iceland,F,Females,Y_LT14,Less than 14 years,2021,10
IS,Iceland,F,Females,Y_LT14,Less than 14 years,2022,0
IS,Iceland,F,Females,Y_LT14,Less than 14 years,2023,0
IS,Iceland,F,Females,Y_LT14,Less than 14 years,2024,0
IS,Iceland,F,Females,Y_LT14,Less than 14 years,2025,0
IT,Italy,F,Females,Y_LT14,Less than 14 years,2021,765
IT,Italy,F,Females,Y_LT14,Less than 14 years,2022,160
IT,Italy,F,Females,Y_LT14,Less than 14 years,2023,230
IT,Italy,F,Females,Y_LT14,Less than 14 years,2024,230
IT,Italy,F,Females,Y_LT14,Less than 14 years,2025,135
LI,Liechtenstein,F,Females,Y_LT14,Less than 14 years,2021,0
LI,Liechtenstein,F,Females,Y_LT14,Less than 14 years,2022,0
LI,Liechtenstein,F,Females,Y_LT14,Less than 14 years,2023,0
LI,Liechtenstein,F,Females,Y_LT14,Less than 14 years,2024,0
LI,Liechtenstein,F,Females,Y_LT14,Less than 14 years,2025,0
LT,Lithuania,F,Females,Y_LT14,Less than 14 years,2021,5
LT,Lithuania,F,Females,Y_LT14,Less than 14 years,2022,0
LT,Lithuania,F,Females,Y_LT14,Less than 14 years,2023,0
LT,Lithuania,F,Females,Y_LT14,Less than 14 years,2024,0
LT,Lithuania,F,Females,Y_LT14,Less than 14 years,2025,0
LU,Luxembourg,F,Females,Y_LT14,Less than 14 years,2021,0
LU,Luxembourg,F,Females,Y_LT14,Less than 14 years,2022,0
LU,Luxembourg,F,Females,Y_LT14,Less than 14 years,2023,0
LU,Luxembourg,F,Females,Y_LT14,Less than 14 years,2024,0
LU,Luxembourg,F,Females,Y_LT14,Less than 14 years,2025,0
LV,Latvia,F,Females,Y_LT14,Less than 14 years,2021,0
LV,Latvia,F,Females,Y_LT14,Less than 14 years,2022,0
LV,Latvia,F,Females,Y_LT14,Less than 14 years,2023,0
LV,Latvia,F,Females,Y_LT14,Less than 14 years,2024,0
LV,Latvia,F,Females,Y_LT14,Less than 14 years,2025,0
MT,Malta,F,Females,Y_LT14,Less than 14 years,2021,0
MT,Malta,F,Females,Y_LT14,Less than 14 years,2022,0
MT,Malta,F,Females,Y_LT14,Less than 14 years,2023,0
MT,Malta,F,Females,Y_LT14,Less than 14 years,2024,0
MT,Malta,F,Females,Y_LT14,Less than 14 years,2025,0
NL,Netherlands,F,Females,Y_LT14,Less than 14 years,2021,70
NL,Netherlands,F,Females,Y_LT14,Less than 14 years,2022,240
NL,Netherlands,F,Females,Y_LT14,Less than 14 years,2023,145
NL,Netherlands,F,Females,Y_LT14,Less than 14 years,2024,120
NL,Netherlands,F,Females,Y_LT14,Less than 14 years,2025,75
NO,Norway,F,Females,Y_LT14,Less than 14 years,2021,840
NO,Norway,F,Females,Y_LT14,Less than 14 years,2022,735
NO,Norway,F,Females,Y_LT14,Less than 14 years,2023,485
NO,Norway,F,Females,Y_LT14,Less than 14 years,2024,345
NO,Norway,F,Females,Y_LT14,Less than 14 years,2025,140
PL,Poland,F,Females,Y_LT14,Less than 14 years,2021,0
PL,Poland,F,Females,Y_LT14,Less than 14 years,2022,0
PL,Poland,F,Females,Y_LT14,Less than 14 years,2023,0
PL,Poland,F,Females,Y_LT14,Less than 14 years,2024,0
PL,Poland,F,Females,Y_LT14,Less than 14 years,2025,0
PT,Portugal,F,Females,Y_LT14,Less than 14 years,2021,0
PT,Portugal,F,Females,Y_LT14,Less than 14 years,2022,0
PT,Portugal,F,Females,Y_LT14,Less than 14 years,2023,0
PT,Portugal,F,Females,Y_LT14,Less than 14 years,2024,0
PT,Portugal,F,Females,Y_LT14,Less than 14 years,2025,30
RO,Romania,F,Females,Y_LT14,Less than 14 years,2021,15
RO,Romania,F,Females,Y_LT14,Less than 14 years,2022,20
RO,Romania,F,Females,Y_LT14,Less than 14 years,2023,30
RO,Romania,F,Females,Y_LT14,Less than 14 years,2024,0
RO,Romania,F,Females,Y_LT14,Less than 14 years,2025,35
SE,Sweden,F,Females,Y_LT14,Less than 14 years,2021,1160
SE,Sweden,F,Females,Y_LT14,Less than 14 years,2022,915
SE,Sweden,F,Females,Y_LT14,Less than 14 years,2023,145
SE,Sweden,F,Females,Y_LT14,Less than 14 years,2024,280
SE,Sweden,F,Females,Y_LT14,Less than 14 years,2025,260
SI,Slovenia,F,Females,Y_LT14,Less than 14 years,2021,0
SI,Slovenia,F,Females,Y_LT14,Less than 14 years,2022,0
SI,Slovenia,F,Females,Y_LT14,Less than 14 years,2023,5
SI,Slovenia,F,Females,Y_LT14,Less than 14 years,2024,5
SI,Slovenia,F,Females,Y_LT14,Less than 14 years,2025,0
SK,Slovakia,F,Females,Y_LT14,Less than 14 years,2021,0
SK,Slovakia,F,Females,Y_LT14,Less than 14 years,2022,0
SK,Slovakia,F,Females,Y_LT14,Less than 14 years,2023,0
SK,Slovakia,F,Females,Y_LT14,Less than 14 years,2024,0
SK,Slovakia,F,Females,Y_LT14,Less than 14 years,2025,0
AT,Austria,F,Females,Y_LT18,Less than 18 years,2021,0
AT,Austria,F,Females,Y_LT18,Less than 18 years,2022,0
AT,Austria,F,Females,Y_LT18,Less than 18 years,2023,0
AT,Austria,F,Females,Y_LT18,Less than 18 years,2024,0
AT,Austria,F,Females,Y_LT18,Less than 18 years,2025,0
BE,Belgium,F,Females,Y_LT18,Less than 18 years,2021,175
BE,Belgium,F,Females,Y_LT18,Less than 18 years,2022,10
BE,Belgium,F,Females,Y_LT18,Less than 18 years,2023,55
BE,Belgium,F,Females,Y_LT18,Less than 18 years,2024,90
BE,Belgium,F,Females,Y_LT18,Less than 18 years,2025,10
BG,Bulgaria,F,Females,Y_LT18,Less than 18 years,2021,0
BG,Bulgaria,F,Females,Y_LT18,Less than 18 years,2022,0
BG,Bulgaria,F,Females,Y_LT18,Less than 18 years,2023,0
BG,Bulgaria,F,Females,Y_LT18,Less than 18 years,2024,0
BG,Bulgaria,F,Females,Y_LT18,Less than 18 years,2025,0
CH,Switzerland,F,Females,Y_LT18,Less than 18 years,2021,255
CH,Switzerland,F,Females,Y_LT18,Less than 18 years,2022,155
CH,Switzerland,F,Females,Y_LT18,Less than 18 years,2023,90
CH,Switzerland,F,Females,Y_LT18,Less than 18 years,2024,0
CH,Switzerland,F,Females,Y_LT18,Less than 18 years,2025,5
CY,Cyprus,F,Females,Y_LT18,Less than 18 years,2021,0
CY,Cyprus,F,Females,Y_LT18,Less than 18 years,2022,0
CY,Cyprus,F,Females,Y_LT18,Less than 18 years,2023,0
CY,Cyprus,F,Females,Y_LT18,Less than 18 years,2024,0
CY,Cyprus,F,Females,Y_LT18,Less than 18 years,2025,0
CZ,Czechia,F,Females,Y_LT18,Less than 18 years,2021,0
CZ,Czechia,F,Females,Y_LT18,Less than 18 years,2022,0
CZ,Czechia,F,Females,Y_LT18,Less than 18 years,2023,0
CZ,Czechia,F,Females,Y_LT18,Less than 18 years,2024,0
CZ,Czechia,F,Females,Y_LT18,Less than 18 years,2025,0
DE,Germany,F,Females,Y_LT18,Less than 18 years,2021,1415
DE,Germany,F,Females,Y_LT18,Less than 18 years,2022,1145
DE,Germany,F,Females,Y_LT18,Less than 18 years,2023,1110
DE,Germany,F,Females,Y_LT18,Less than 18 years,2024,1310
DE,Germany,F,Females,Y_LT18,Less than 18 years,2025,500
DK,Denmark,F,Females,Y_LT18,Less than 18 years,2021,15
DK,Denmark,F,Females,Y_LT18,Less than 18 years,2022,50
DK,Denmark,F,Females,Y_LT18,Less than 18 years,2023,50
DK,Denmark,F,Females,Y_LT18,Less than 18 years,2024,15
DK,Denmark,F,Females,Y_LT18,Less than 18 years,2025,105
EE,Estonia,F,Females,Y_LT18,Less than 18 years,2021,0
EE,Estonia,F,Females,Y_LT18,Less than 18 years,2022,0
EE,Estonia,F,Females,Y_LT18,Less than 18 years,2023,0
EE,Estonia,F,Females,Y_LT18,Less than 18 years,2024,0
EE,Estonia,F,Females,Y_LT18,Less than 18 years,2025,0
EL,Greece,F,Females,Y_LT18,Less than 18 years,2021,0
EL,Greece,F,Females,Y_LT18,Less than 18 years,2022,0
EL,Greece,F,Females,Y_LT18,Less than 18 years,2023,0
EL,Greece,F,Females,Y_LT18,Less than 18 years,2024,0
EL,Greece,F,Females,Y_LT18,Less than 18 years,2025,0
ES,Spain,F,Females,Y_LT18,Less than 18 years,2021,105
ES,Spain,F,Females,Y_LT18,Less than 18 years,2022,255
ES,Spain,F,Females,Y_LT18,Less than 18 years,2023,250
ES,Spain,F,Females,Y_LT18,Less than 18 years,2024,135
ES,Spain,F,Females,Y_LT18,Less than 18 years,2025,140
EU27_2020,European Union - 27 countries (from 2020),F,Females,Y_LT18,Less than 18 years,2021,4955
EU27_2020,European Union - 27 countries (from 2020),F,Females,Y_LT18,Less than 18 years,2022,4175
EU27_2020,European Union - 27 countries (from 2020),F,Females,Y_LT18,Less than 18 years,2023,3140
EU27_2020,European Union - 27 countries (from 2020),F,Females,Y_LT18,Less than 18 years,2024,3160
EU27_2020,European Union - 27 countries (from 2020),F,Females,Y_LT18,Less than 18 years,2025,2415
FI,Finland,F,Females,Y_LT18,Less than 18 years,2021,210
FI,Finland,F,Females,Y_LT18,Less than 18 years,2022,245
FI,Finland,F,Females,Y_LT18,Less than 18 years,2023,295
FI,Finland,F,Females,Y_LT18,Less than 18 years,2024,185
FI,Finland,F,Females,Y_LT18,Less than 18 years,2025,150
FR,France,F,Females,Y_LT18,Less than 18 years,2021,435
FR,France,F,Females,Y_LT18,Less than 18 years,2022,750
FR,France,F,Females,Y_LT18,Less than 18 years,2023,690
FR,France,F,Females,Y_LT18,Less than 18 years,2024,575
FR,France,F,Females,Y_LT18,Less than 18 years,2025,770
HR,Croatia,F,Females,Y_LT18,Less than 18 years,2021,0
HR,Croatia,F,Females,Y_LT18,Less than 18 years,2022,0
HR,Croatia,F,Females,Y_LT18,Less than 18 years,2023,0
HR,Croatia,F,Females,Y_LT18,Less than 18 years,2024,0
HR,Croatia,F,Females,Y_LT18,Less than 18 years,2025,0
HU,Hungary,F,Females,Y_LT18,Less than 18 years,2021,0
HU,Hungary,F,Females,Y_LT18,Less than 18 years,2022,0
HU,Hungary,F,Females,Y_LT18,Less than 18 years,2023,0
HU,Hungary,F,Females,Y_LT18,Less than 18 years,2024,0
HU,Hungary,F,Females,Y_LT18,Less than 18 years,2025,0
IE,Ireland,F,Females,Y_LT18,Less than 18 years,2021,70
IE,Ireland,F,Females,Y_LT18,Less than 18 years,2022,60
IE,Ireland,F,Females,Y_LT18,Less than 18 years,2023,25
IE,Ireland,F,Females,Y_LT18,Less than 18 years,2024,45
IE,Ireland,F,Females,Y_LT18,Less than 18 years,2025,50
IS,Iceland,F,Females,Y_LT18,Less than 18 years,2021,10
IS,Iceland,F,Females,Y_LT18,Less than 18 years,2022,0
IS,Iceland,F,Females,Y_LT18,Less than 18 years,2023,0
IS,Iceland,F,Females,Y_LT18,Less than 18 years,2024,0
IS,Iceland,F,Females,Y_LT18,Less than 18 years,2025,0
IT,Italy,F,Females,Y_LT18,Less than 18 years,2021,955
IT,Italy,F,Females,Y_LT18,Less than 18 years,2022,200
IT,Italy,F,Females,Y_LT18,Less than 18 years,2023,275
IT,Italy,F,Females,Y_LT18,Less than 18 years,2024,295
IT,Italy,F,Females,Y_LT18,Less than 18 years,2025,170
LI,Liechtenstein,F,Females,Y_LT18,Less than 18 years,2021,0
LI,Liechtenstein,F,Females,Y_LT18,Less than 18 years,2022,0
LI,Liechtenstein,F,Females,Y_LT18,Less than 18 years,2023,0
LI,Liechtenstein,F,Females,Y_LT18,Less than 18 years,2024,0
LI,Liechtenstein,F,Females,Y_LT18,Less than 18 years,2025,0
LT,Lithuania,F,Females,Y_LT18,Less than 18 years,2021,5
LT,Lithuania,F,Females,Y_LT18,Less than 18 years,2022,0
LT,Lithuania,F,Females,Y_LT18,Less than 18 years,2023,0
LT,Lithuania,F,Females,Y_LT18,Less than 18 years,2024,0
LT,Lithuania,F,Females,Y_LT18,Less than 18 years,2025,0
LU,Luxembourg,F,Females,Y_LT18,Less than 18 years,2021,0
LU,Luxembourg,F,Females,Y_LT18,Less than 18 years,2022,0
LU,Luxembourg,F,Females,Y_LT18,Less than 18 years,2023,0
LU,Luxembourg,F,Females,Y_LT18,Less than 18 years,2024,0
LU,Luxembourg,F,Females,Y_LT18,Less than 18 years,2025,0
LV,Latvia,F,Females,Y_LT18,Less than 18 years,2021,0
LV,Latvia,F,Females,Y_LT18,Less than 18 years,2022,0
LV,Latvia,F,Females,Y_LT18,Less than 18 years,2023,0
LV,Latvia,F,Females,Y_LT18,Less than 18 years,2024,0
LV,Latvia,F,Females,Y_LT18,Less than 18 years,2025,0
MT,Malta,F,Females,Y_LT18,Less than 18 years,2021,0
MT,Malta,F,Females,Y_LT18,Less than 18 years,2022,0
MT,Malta,F,Females,Y_LT18,Less than 18 years,2023,0
MT,Malta,F,Females,Y_LT18,Less than 18 years,2024,0
MT,Malta,F,Females,Y_LT18,Less than 18 years,2025,0
NL,Netherlands,F,Females,Y_LT18,Less than 18 years,2021,100
NL,Netherlands,F,Females,Y_LT18,Less than 18 years,2022,295
NL,Netherlands,F,Females,Y_LT18,Less than 18 years,2023,170
NL,Netherlands,F,Females,Y_LT18,Less than 18 years,2024,165
NL,Netherlands,F,Females,Y_LT18,Less than 18 years,2025,95
NO,Norway,F,Females,Y_LT18,Less than 18 years,2021,980
NO,Norway,F,Females,Y_LT18,Less than 18 years,2022,850
NO,Norway,F,Females,Y_LT18,Less than 18 years,2023,570
NO,Norway,F,Females,Y_LT18,Less than 18 years,2024,400
NO,Norway,F,Females,Y_LT18,Less than 18 years,2025,165
PL,Poland,F,Females,Y_LT18,Less than 18 years,2021,0
PL,Poland,F,Females,Y_LT18,Less than 18 years,2022,0
PL,Poland,F,Females,Y_LT18,Less than 18 years,2023,0
PL,Poland,F,Females,Y_LT18,Less than 18 years,2024,0
PL,Poland,F,Females,Y_LT18,Less than 18 years,2025,0
PT,Portugal,F,Females,Y_LT18,Less than 18 years,2021,0
PT,Portugal,F,Females,Y_LT18,Less than 18 years,2022,0
PT,Portugal,F,Females,Y_LT18,Less than 18 years,2023,0
PT,Portugal,F,Females,Y_LT18,Less than 18 years,2024,0
PT,Portugal,F,Females,Y_LT18,Less than 18 years,2025,45
RO,Romania,F,Females,Y_LT18,Less than 18 years,2021,15
RO,Romania,F,Females,Y_LT18,Less than 18 years,2022,25
RO,Romania,F,Females,Y_LT18,Less than 18 years,2023,40
RO,Romania,F,Females,Y_LT18,Less than 18 years,2024,0
RO,Romania,F,Females,Y_LT18,Less than 18 years,2025,45
SE,Sweden,F,Females,Y_LT18,Less than 18 years,2021,1460
SE,Sweden,F,Females,Y_LT18,Less than 18 years,2022,1140
SE,Sweden,F,Females,Y_LT18,Less than 18 years,2023,175
SE,Sweden,F,Females,Y_LT18,Less than 18 years,2024,340
SE,Sweden,F,Females,Y_LT18,Less than 18 years,2025,335
SI,Slovenia,F,Females,Y_LT18,Less than 18 years,2021,0
SI,Slovenia,F,Females,Y_LT18,Less than 18 years,2022,0
SI,Slovenia,F,Females,Y_LT18,Less than 18 years,2023,10
SI,Slovenia,F,Females,Y_LT18,Less than 18 years,2024,10
SI,Slovenia,F,Females,Y_LT18,Less than 18 years,2025,0
SK,Slovakia,F,Females,Y_LT18,Less than 18 years,2021,0
SK,Slovakia,F,Females,Y_LT18,Less than 18 years,2022,0
SK,Slovakia,F,Females,Y_LT18,Less than 18 years,2023,0
SK,Slovakia,F,Females,Y_LT18,Less than 18 years,2024,0
SK,Slovakia,F,Females,Y_LT18,Less than 18 years,2025,0
AT,Austria,M,Males,TOTAL,Total,2021,0
AT,Austria,M,Males,TOTAL,Total,2022,0
AT,Austria,M,Males,TOTAL,Total,2023,0
AT,Austria,M,Males,TOTAL,Total,2024,0
AT,Austria,M,Males,TOTAL,Total,2025,0
BE,Belgium,M,Males,TOTAL,Total,2021,535
BE,Belgium,M,Males,TOTAL,Total,2022,45
BE,Belgium,M,Males,TOTAL,Total,2023,135
BE,Belgium,M,Males,TOTAL,Total,2024,270
BE,Belgium,M,Males,TOTAL,Total,2025,15
BG,Bulgaria,M,Males,TOTAL,Total,2021,0
BG,Bulgaria,M,Males,TOTAL,Total,2022,0
BG,Bulgaria,M,Males,TOTAL,Total,2023,5
BG,Bulgaria,M,Males,TOTAL,Total,2024,5
BG,Bulgaria,M,Males,TOTAL,Total,2025,10
CH,Switzerland,M,Males,TOTAL,Total,2021,530
CH,Switzerland,M,Males,TOTAL,Total,2022,310
CH,Switzerland,M,Males,TOTAL,Total,2023,175
CH,Switzerland,M,Males,TOTAL,Total,2024,0
CH,Switzerland,M,Males,TOTAL,Total,2025,25
CY,Cyprus,M,Males,TOTAL,Total,2021,0
CY,Cyprus,M,Males,TOTAL,Total,2022,0
CY,Cyprus,M,Males,TOTAL,Total,2023,0
CY,Cyprus,M,Males,TOTAL,Total,2024,0
CY,Cyprus,M,Males,TOTAL,Total,2025,0
CZ,Czechia,M,Males,TOTAL,Total,2021,0
CZ,Czechia,M,Males,TOTAL,Total,2022,0
CZ,Czechia,M,Males,TOTAL,Total,2023,0
CZ,Czechia,M,Males,TOTAL,Total,2024,0
CZ,Czechia,M,Males,TOTAL,Total,2025,0
DE,Germany,M,Males,TOTAL,Total,2021,2650
DE,Germany,M,Males,TOTAL,Total,2022,2440
DE,Germany,M,Males,TOTAL,Total,2023,2555
DE,Germany,M,Males,TOTAL,Total,2024,2825
DE,Germany,M,Males,TOTAL,Total,2025,1050
DK,Denmark,M,Males,TOTAL,Total,2021,20
DK,Denmark,M,Males,TOTAL,Total,2022,50
DK,Denmark,M,Males,TOTAL,Total,2023,50
DK,Denmark,M,Males,TOTAL,Total,2024,15
DK,Denmark,M,Males,TOTAL,Total,2025,115
EE,Estonia,M,Males,TOTAL,Total,2021,0
EE,Estonia,M,Males,TOTAL,Total,2022,0
EE,Estonia,M,Males,TOTAL,Total,2023,0
EE,Estonia,M,Males,TOTAL,Total,2024,0
EE,Estonia,M,Males,TOTAL,Total,2025,0
EL,Greece,M,Males,TOTAL,Total,2021,0
EL,Greece,M,Males,TOTAL,Total,2022,0
EL,Greece,M,Males,TOTAL,Total,2023,0
EL,Greece,M,Males,TOTAL,Total,2024,0
EL,Greece,M,Males,TOTAL,Total,2025,0
ES,Spain,M,Males,TOTAL,Total,2021,280
ES,Spain,M,Males,TOTAL,Total,2022,605
ES,Spain,M,Males,TOTAL,Total,2023,595
ES,Spain,M,Males,TOTAL,Total,2024,400
ES,Spain,M,Males,TOTAL,Total,2025,465
EU27_2020,European Union - 27 countries (from 2020),M,Males,TOTAL,Total,2021,12695
EU27_2020,European Union - 27 countries (from 2020),M,Males,TOTAL,Total,2022,9755
EU27_2020,European Union - 27 countries (from 2020),M,Males,TOTAL,Total,2023,7040
EU27_2020,European Union - 27 countries (from 2020),M,Males,TOTAL,Total,2024,6660
EU27_2020,European Union - 27 countries (from 2020),M,Males,TOTAL,Total,2025,4650
FI,Finland,M,Males,TOTAL,Total,2021,485
FI,Finland,M,Males,TOTAL,Total,2022,605
FI,Finland,M,Males,TOTAL,Total,2023,595
FI,Finland,M,Males,TOTAL,Total,2024,400
FI,Finland,M,Males,TOTAL,Total,2025,250
FR,France,M,Males,TOTAL,Total,2021,1010
FR,France,M,Males,TOTAL,Total,2022,1650
FR,France,M,Males,TOTAL,Total,2023,1475
FR,France,M,Males,TOTAL,Total,2024,1100
FR,France,M,Males,TOTAL,Total,2025,1375
HR,Croatia,M,Males,TOTAL,Total,2021,0
HR,Croatia,M,Males,TOTAL,Total,2022,0
HR,Croatia,M,Males,TOTAL,Total,2023,0
HR,Croatia,M,Males,TOTAL,Total,2024,0
HR,Croatia,M,Males,TOTAL,Total,2025,0
HU,Hungary,M,Males,TOTAL,Total,2021,0
HU,Hungary,M,Males,TOTAL,Total,2022,0
HU,Hungary,M,Males,TOTAL,Total,2023,0
HU,Hungary,M,Males,TOTAL,Total,2024,0
HU,Hungary,M,Males,TOTAL,Total,2025,0
IE,Ireland,M,Males,TOTAL,Total,2021,245
IE,Ireland,M,Males,TOTAL,Total,2022,190
IE,Ireland,M,Males,TOTAL,Total,2023,70
IE,Ireland,M,Males,TOTAL,Total,2024,105
IE,Ireland,M,Males,TOTAL,Total,2025,160
IS,Iceland,M,Males,TOTAL,Total,2021,15
IS,Iceland,M,Males,TOTAL,Total,2022,0
IS,Iceland,M,Males,TOTAL,Total,2023,10
IS,Iceland,M,Males,TOTAL,Total,2024,5
IS,Iceland,M,Males,TOTAL,Total,2025,0
IT,Italy,M,Males,TOTAL,Total,2021,3880
IT,Italy,M,Males,TOTAL,Total,2022,850
IT,Italy,M,Males,TOTAL,Total,2023,810
IT,Italy,M,Males,TOTAL,Total,2024,875
IT,Italy,M,Males,TOTAL,Total,2025,430
LI,Liechtenstein,M,Males,TOTAL,Total,2021,0
LI,Liechtenstein,M,Males,TOTAL,Total,2022,0
LI,Liechtenstein,M,Males,TOTAL,Total,2023,0
LI,Liechtenstein,M,Males,TOTAL,Total,2024,0
LI,Liechtenstein,M,Males,TOTAL,Total,2025,0
LT,Lithuania,M,Males,TOTAL,Total,2021,5
LT,Lithuania,M,Males,TOTAL,Total,2022,0
LT,Lithuania,M,Males,TOTAL,Total,2023,0
LT,Lithuania,M,Males,TOTAL,Total,2024,0
LT,Lithuania,M,Males,TOTAL,Total,2025,0
LU,Luxembourg,M,Males,TOTAL,Total,2021,0
LU,Luxembourg,M,Males,TOTAL,Total,2022,0
LU,Luxembourg,M,Males,TOTAL,Total,2023,0
LU,Luxembourg,M,Males,TOTAL,Total,2024,0
LU,Luxembourg,M,Males,TOTAL,Total,2025,0
LV,Latvia,M,Males,TOTAL,Total,2021,0
LV,Latvia,M,Males,TOTAL,Total,2022,0
LV,Latvia,M,Males,TOTAL,Total,2023,0
LV,Latvia,M,Males,TOTAL,Total,2024,0
LV,Latvia,M,Males,TOTAL,Total,2025,0
MT,Malta,M,Males,TOTAL,Total,2021,0
MT,Malta,M,Males,TOTAL,Total,2022,0
MT,Malta,M,Males,TOTAL,Total,2023,0
MT,Malta,M,Males,TOTAL,Total,2024,0
MT,Malta,M,Males,TOTAL,Total,2025,0
NL,Netherlands,M,Males,TOTAL,Total,2021,250
NL,Netherlands,M,Males,TOTAL,Total,2022,755
NL,Netherlands,M,Males,TOTAL,Total,2023,435
NL,Netherlands,M,Males,TOTAL,Total,2024,375
NL,Netherlands,M,Males,TOTAL,Total,2025,280
NO,Norway,M,Males,TOTAL,Total,2021,1790
NO,Norway,M,Males,TOTAL,Total,2022,1520
NO,Norway,M,Males,TOTAL,Total,2023,1085
NO,Norway,M,Males,TOTAL,Total,2024,705
NO,Norway,M,Males,TOTAL,Total,2025,330
PL,Poland,M,Males,TOTAL,Total,2021,0
PL,Poland,M,Males,TOTAL,Total,2022,0
PL,Poland,M,Males,TOTAL,Total,2023,0
PL,Poland,M,Males,TOTAL,Total,2024,0
PL,Poland,M,Males,TOTAL,Total,2025,0
PT,Portugal,M,Males,TOTAL,Total,2021,10
PT,Portugal,M,Males,TOTAL,Total,2022,0
PT,Portugal,M,Males,TOTAL,Total,2023,0
PT,Portugal,M,Males,TOTAL,Total,2024,0
PT,Portugal,M,Males,TOTAL,Total,2025,140
RO,Romania,M,Males,TOTAL,Total,2021,40
RO,Romania,M,Males,TOTAL,Total,2022,45
RO,Romania,M,Males,TOTAL,Total,2023,85
RO,Romania,M,Males,TOTAL,Total,2024,0
RO,Romania,M,Males,TOTAL,Total,2025,65
SE,Sweden,M,Males,TOTAL,Total,2021,3290
SE,Sweden,M,Males,TOTAL,Total,2022,2515
SE,Sweden,M,Males,TOTAL,Total,2023,220
SE,Sweden,M,Males,TOTAL,Total,2024,280
SE,Sweden,M,Males,TOTAL,Total,2025,295
SI,Slovenia,M,Males,TOTAL,Total,2021,0
SI,Slovenia,M,Males,TOTAL,Total,2022,0
SI,Slovenia,M,Males,TOTAL,Total,2023,10
SI,Slovenia,M,Males,TOTAL,Total,2024,15
SI,Slovenia,M,Males,TOTAL,Total,2025,0
SK,Slovakia,M,Males,TOTAL,Total,2021,0
SK,Slovakia,M,Males,TOTAL,Total,2022,0
SK,Slovakia,M,Males,TOTAL,Total,2023,0
SK,Slovakia,M,Males,TOTAL,Total,2024,0
SK,Slovakia,M,Males,TOTAL,Total,2025,0
AT,Austria,M,Males,UNK,Unknown,2021,0
AT,Austria,M,Males,UNK,Unknown,2022,0
AT,Austria,M,Males,UNK,Unknown,2023,0
AT,Austria,M,Males,UNK,Unknown,2024,0
AT,Austria,M,Males,UNK,Unknown,2025,0
BE,Belgium,M,Males,UNK,Unknown,2021,0
BE,Belgium,M,Males,UNK,Unknown,2022,0
BE,Belgium,M,Males,UNK,Unknown,2023,0
BE,Belgium,M,Males,UNK,Unknown,2024,0
BE,Belgium,M,Males,UNK,Unknown,2025,0
BG,Bulgaria,M,Males,UNK,Unknown,2021,0
BG,Bulgaria,M,Males,UNK,Unknown,2022,0
BG,Bulgaria,M,Males,UNK,Unknown,2023,0
BG,Bulgaria,M,Males,UNK,Unknown,2024,0
BG,Bulgaria,M,Males,UNK,Unknown,2025,0
CH,Switzerland,M,Males,UNK,Unknown,2021,0
CH,Switzerland,M,Males,UNK,Unknown,2022,0
CH,Switzerland,M,Males,UNK,Unknown,2023,0
CH,Switzerland,M,Males,UNK,Unknown,2024,0
CH,Switzerland,M,Males,UNK,Unknown,2025,0
CY,Cyprus,M,Males,UNK,Unknown,2021,0
CY,Cyprus,M,Males,UNK,Unknown,2022,0
CY,Cyprus,M,Males,UNK,Unknown,2023,0
CY,Cyprus,M,Males,UNK,Unknown,2024,0
CY,Cyprus,M,Males,UNK,Unknown,2025,0
CZ,Czechia,M,Males,UNK,Unknown,2021,0
CZ,Czechia,M,Males,UNK,Unknown,2022,0
CZ,Czechia,M,Males,UNK,Unknown,2023,0
CZ,Czechia,M,Males,UNK,Unknown,2024,0
CZ,Czechia,M,Males,UNK,Unknown,2025,0
DE,Germany,M,Males,UNK,Unknown,2021,0
DE,Germany,M,Males,UNK,Unknown,2022,0
DE,Germany,M,Males,UNK,Unknown,2023,0
DE,Germany,M,Males,UNK,Unknown,2024,0
DE,Germany,M,Males,UNK,Unknown,2025,0
DK,Denmark,M,Males,UNK,Unknown,2021,0
DK,Denmark,M,Males,UNK,Unknown,2022,0
DK,Denmark,M,Males,UNK,Unknown,2023,0
DK,Denmark,M,Males,UNK,Unknown,2024,0
DK,Denmark,M,Males,UNK,Unknown,2025,0
EE,Estonia,M,Males,UNK,Unknown,2021,0
EE,Estonia,M,Males,UNK,Unknown,2022,0
EE,Estonia,M,Males,UNK,Unknown,2023,0
EE,Estonia,M,Males,UNK,Unknown,2024,0
EE,Estonia,M,Males,UNK,Unknown,2025,0
EL,Greece,M,Males,UNK,Unknown,2021,0
EL,Greece,M,Males,UNK,Unknown,2022,0
EL,Greece,M,Males,UNK,Unknown,2023,0
EL,Greece,M,Males,UNK,Unknown,2024,0
EL,Greece,M,Males,UNK,Unknown,2025,0
ES,Spain,M,Males,UNK,Unknown,2021,0
ES,Spain,M,Males,UNK,Unknown,2022,0
ES,Spain,M,Males,UNK,Unknown,2023,0
ES,Spain,M,Males,UNK,Unknown,2024,0
ES,Spain,M,Males,UNK,Unknown,2025,0
EU27_2020,European Union - 27 countries (from 2020),M,Males,UNK,Unknown,2021,5
EU27_2020,European Union - 27 countries (from 2020),M,Males,UNK,Unknown,2022,0
EU27_2020,European Union - 27 countries (from 2020),M,Males,UNK,Unknown,2023,0
EU27_2020,European Union - 27 countries (from 2020),M,Males,UNK,Unknown,2024,0
EU27_2020,European Union - 27 countries (from 2020),M,Males,UNK,Unknown,2025,0
FI,Finland,M,Males,UNK,Unknown,2021,0
FI,Finland,M,Males,UNK,Unknown,2022,0
FI,Finland,M,Males,UNK,Unknown,2023,0
FI,Finland,M,Males,UNK,Unknown,2024,0
FI,Finland,M,Males,UNK,Unknown,2025,0
FR,France,M,Males,UNK,Unknown,2021,0
FR,France,M,Males,UNK,Unknown,2022,0
FR,France,M,Males,UNK,Unknown,2023,0
FR,France,M,Males,UNK,Unknown,2024,0
FR,France,M,Males,UNK,Unknown,2025,0
HR,Croatia,M,Males,UNK,Unknown,2021,0
HR,Croatia,M,Males,UNK,Unknown,2022,0
HR,Croatia,M,Males,UNK,Unknown,2023,0
HR,Croatia,M,Males,UNK,Unknown,2024,0
HR,Croatia,M,Males,UNK,Unknown,2025,0
HU,Hungary,M,Males,UNK,Unknown,2021,0
HU,Hungary,M,Males,UNK,Unknown,2022,0
HU,Hungary,M,Males,UNK,Unknown,2023,0
HU,Hungary,M,Males,UNK,Unknown,2024,0
HU,Hungary,M,Males,UNK,Unknown,2025,0
IE,Ireland,M,Males,UNK,Unknown,2021,0
IE,Ireland,M,Males,UNK,Unknown,2022,0
IE,Ireland,M,Males,UNK,Unknown,2023,0
IE,Ireland,M,Males,UNK,Unknown,2024,0
IE,Ireland,M,Males,UNK,Unknown,2025,0
IS,Iceland,M,Males,UNK,Unknown,2021,0
IS,Iceland,M,Males,UNK,Unknown,2022,0
IS,Iceland,M,Males,UNK,Unknown,2023,0
IS,Iceland,M,Males,UNK,Unknown,2024,0
IS,Iceland,M,Males,UNK,Unknown,2025,0
IT,Italy,M,Males,UNK,Unknown,2021,5
IT,Italy,M,Males,UNK,Unknown,2022,0
IT,Italy,M,Males,UNK,Unknown,2023,0
IT,Italy,M,Males,UNK,Unknown,2024,0
IT,Italy,M,Males,UNK,Unknown,2025,0
LI,Liechtenstein,M,Males,UNK,Unknown,2021,0
LI,Liechtenstein,M,Males,UNK,Unknown,2022,0
LI,Liechtenstein,M,Males,UNK,Unknown,2023,0
LI,Liechtenstein,M,Males,UNK,Unknown,2024,0
LI,Liechtenstein,M,Males,UNK,Unknown,2025,0
LT,Lithuania,M,Males,UNK,Unknown,2021,0
LT,Lithuania,M,Males,UNK,Unknown,2022,0
LT,Lithuania,M,Males,UNK,Unknown,2023,0
LT,Lithuania,M,Males,UNK,Unknown,2024,0
LT,Lithuania,M,Males,UNK,Unknown,2025,0
LU,Luxembourg,M,Males,UNK,Unknown,2021,0
LU,Luxembourg,M,Males,UNK,Unknown,2022,0
LU,Luxembourg,M,Males,UNK,Unknown,2023,0
LU,Luxembourg,M,Males,UNK,Unknown,2024,0
LU,Luxembourg,M,Males,UNK,Unknown,2025,0
LV,Latvia,M,Males,UNK,Unknown,2021,0
LV,Latvia,M,Males,UNK,Unknown,2022,0
LV,Latvia,M,Males,UNK,Unknown,2023,0
LV,Latvia,M,Males,UNK,Unknown,2024,0
LV,Latvia,M,Males,UNK,Unknown,2025,0
MT,Malta,M,Males,UNK,Unknown,2021,0
MT,Malta,M,Males,UNK,Unknown,2022,0
MT,Malta,M,Males,UNK,Unknown,2023,0
MT,Malta,M,Males,UNK,Unknown,2024,0
MT,Malta,M,Males,UNK,Unknown,2025,0
NL,Netherlands,M,Males,UNK,Unknown,2021,0
NL,Netherlands,M,Males,UNK,Unknown,2022,0
NL,Netherlands,M,Males,UNK,Unknown,2023,0
NL,Netherlands,M,Males,UNK,Unknown,2024,0
NL,Netherlands,M,Males,UNK,Unknown,2025,0
NO,Norway,M,Males,UNK,Unknown,2021,0
NO,Norway,M,Males,UNK,Unknown,2022,0
NO,Norway,M,Males,UNK,Unknown,2023,0
NO,Norway,M,Males,UNK,Unknown,2024,0
NO,Norway,M,Males,UNK,Unknown,2025,0
PL,Poland,M,Males,UNK,Unknown,2021,0
PL,Poland,M,Males,UNK,Unknown,2022,0
PL,Poland,M,Males,UNK,Unknown,2023,0
PL,Poland,M,Males,UNK,Unknown,2024,0
PL,Poland,M,Males,UNK,Unknown,2025,0
PT,Portugal,M,Males,UNK,Unknown,2021,0
PT,Portugal,M,Males,UNK,Unknown,2022,0
PT,Portugal,M,Males,UNK,Unknown,2023,0
PT,Portugal,M,Males,UNK,Unknown,2024,0
PT,Portugal,M,Males,UNK,Unknown,2025,0
RO,Romania,M,Males,UNK,Unknown,2021,0
RO,Romania,M,Males,UNK,Unknown,2022,0
RO,Romania,M,Males,UNK,Unknown,2023,0
RO,Romania,M,Males,UNK,Unknown,2024,0
RO,Romania,M,Males,UNK,Unknown,2025,0
SE,Sweden,M,Males,UNK,Unknown,2021,0
SE,Sweden,M,Males,UNK,Unknown,2022,0
SE,Sweden,M,Males,UNK,Unknown,2023,0
SE,Sweden,M,Males,UNK,Unknown,2024,0
SE,Sweden,M,Males,UNK,Unknown,2025,0
SI,Slovenia,M,Males,UNK,Unknown,2021,0
SI,Slovenia,M,Males,UNK,Unknown,2022,0
SI,Slovenia,M,Males,UNK,Unknown,2023,0
SI,Slovenia,M,Males,UNK,Unknown,2024,0
SI,Slovenia,M,Males,UNK,Unknown,2025,0
SK,Slovakia,M,Males,UNK,Unknown,2021,0
SK,Slovakia,M,Males,UNK,Unknown,2022,0
SK,Slovakia,M,Males,UNK,Unknown,2023,0
SK,Slovakia,M,Males,UNK,Unknown,2024,0
SK,Slovakia,M,Males,UNK,Unknown,2025,0
AT,Austria,M,Males,Y14-17,From 14 to 17 years,2021,0
AT,Austria,M,Males,Y14-17,From 14 to 17 years,2022,0
AT,Austria,M,Males,Y14-17,From 14 to 17 years,2023,0
AT,Austria,M,Males,Y14-17,From 14 to 17 years,2024,0
AT,Austria,M,Males,Y14-17,From 14 to 17 years,2025,0
BE,Belgium,M,Males,Y14-17,From 14 to 17 years,2021,60
BE,Belgium,M,Males,Y14-17,From 14 to 17 years,2022,5
BE,Belgium,M,Males,Y14-17,From 14 to 17 years,2023,15
BE,Belgium,M,Males,Y14-17,From 14 to 17 years,2024,25
BE,Belgium,M,Males,Y14-17,From 14 to 17 years,2025,0
BG,Bulgaria,M,Males,Y14-17,From 14 to 17 years,2021,0
BG,Bulgaria,M,Males,Y14-17,From 14 to 17 years,2022,0
BG,Bulgaria,M,Males,Y14-17,From 14 to 17 years,2023,0
BG,Bulgaria,M,Males,Y14-17,From 14 to 17 years,2024,5
BG,Bulgaria,M,Males,Y14-17,From 14 to 17 years,2025,0
CH,Switzerland,M,Males,Y14-17,From 14 to 17 years,2021,60
CH,Switzerland,M,Males,Y14-17,From 14 to 17 years,2022,40
CH,Switzerland,M,Males,Y14-17,From 14 to 17 years,2023,15
CH,Switzerland,M,Males,Y14-17,From 14 to 17 years,2024,0
CH,Switzerland,M,Males,Y14-17,From 14 to 17 years,2025,0
CY,Cyprus,M,Males,Y14-17,From 14 to 17 years,2021,0
CY,Cyprus,M,Males,Y14-17,From 14 to 17 years,2022,0
CY,Cyprus,M,Males,Y14-17,From 14 to 17 years,2023,0
CY,Cyprus,M,Males,Y14-17,From 14 to 17 years,2024,0
CY,Cyprus,M,Males,Y14-17,From 14 to 17 years,2025,0
CZ,Czechia,M,Males,Y14-17,From 14 to 17 years,2021,0
CZ,Czechia,M,Males,Y14-17,From 14 to 17 years,2022,0
CZ,Czechia,M,Males,Y14-17,From 14 to 17 years,2023,0
CZ,Czechia,M,Males,Y14-17,From 14 to 17 years,2024,0
CZ,Czechia,M,Males,Y14-17,From 14 to 17 years,2025,0
DE,Germany,M,Males,Y14-17,From 14 to 17 years,2021,315
DE,Germany,M,Males,Y14-17,From 14 to 17 years,2022,240
DE,Germany,M,Males,Y14-17,From 14 to 17 years,2023,285
DE,Germany,M,Males,Y14-17,From 14 to 17 years,2024,310
DE,Germany,M,Males,Y14-17,From 14 to 17 years,2025,105
DK,Denmark,M,Males,Y14-17,From 14 to 17 years,2021,5
DK,Denmark,M,Males,Y14-17,From 14 to 17 years,2022,15
DK,Denmark,M,Males,Y14-17,From 14 to 17 years,2023,10
DK,Denmark,M,Males,Y14-17,From 14 to 17 years,2024,0
DK,Denmark,M,Males,Y14-17,From 14 to 17 years,2025,25
EE,Estonia,M,Males,Y14-17,From 14 to 17 years,2021,0
EE,Estonia,M,Males,Y14-17,From 14 to 17 years,2022,0
EE,Estonia,M,Males,Y14-17,From 14 to 17 years,2023,0
EE,Estonia,M,Males,Y14-17,From 14 to 17 years,2024,0
EE,Estonia,M,Males,Y14-17,From 14 to 17 years,2025,0
EL,Greece,M,Males,Y14-17,From 14 to 17 years,2021,0
EL,Greece,M,Males,Y14-17,From 14 to 17 years,2022,0
EL,Greece,M,Males,Y14-17,From 14 to 17 years,2023,0
EL,Greece,M,Males,Y14-17,From 14 to 17 years,2024,0
EL,Greece,M,Males,Y14-17,From 14 to 17 years,2025,0
ES,Spain,M,Males,Y14-17,From 14 to 17 years,2021,20
ES,Spain,M,Males,Y14-17,From 14 to 17 years,2022,65
ES,Spain,M,Males,Y14-17,From 14 to 17 years,2023,80
ES,Spain,M,Males,Y14-17,From 14 to 17 years,2024,35
ES,Spain,M,Males,Y14-17,From 14 to 17 years,2025,45
EU27_2020,European Union - 27 countries (from 2020),M,Males,Y14-17,From 14 to 17 years,2021,1260
EU27_2020,European Union - 27 countries (from 2020),M,Males,Y14-17,From 14 to 17 years,2022,1025
EU27_2020,European Union - 27 countries (from 2020),M,Males,Y14-17,From 14 to 17 years,2023,830
EU27_2020,European Union - 27 countries (from 2020),M,Males,Y14-17,From 14 to 17 years,2024,675
EU27_2020,European Union - 27 countries (from 2020),M,Males,Y14-17,From 14 to 17 years,2025,570
FI,Finland,M,Males,Y14-17,From 14 to 17 years,2021,55
FI,Finland,M,Males,Y14-17,From 14 to 17 years,2022,75
FI,Finland,M,Males,Y14-17,From 14 to 17 years,2023,95
FI,Finland,M,Males,Y14-17,From 14 to 17 years,2024,45
FI,Finland,M,Males,Y14-17,From 14 to 17 years,2025,30
FR,France,M,Males,Y14-17,From 14 to 17 years,2021,100
FR,France,M,Males,Y14-17,From 14 to 17 years,2022,195
FR,France,M,Males,Y14-17,From 14 to 17 years,2023,200
FR,France,M,Males,Y14-17,From 14 to 17 years,2024,110
FR,France,M,Males,Y14-17,From 14 to 17 years,2025,195
HR,Croatia,M,Males,Y14-17,From 14 to 17 years,2021,0
HR,Croatia,M,Males,Y14-17,From 14 to 17 years,2022,0
HR,Croatia,M,Males,Y14-17,From 14 to 17 years,2023,0
HR,Croatia,M,Males,Y14-17,From 14 to 17 years,2024,0
HR,Croatia,M,Males,Y14-17,From 14 to 17 years,2025,0
HU,Hungary,M,Males,Y14-17,From 14 to 17 years,2021,0
HU,Hungary,M,Males,Y14-17,From 14 to 17 years,2022,0
HU,Hungary,M,Males,Y14-17,From 14 to 17 years,2023,0
HU,Hungary,M,Males,Y14-17,From 14 to 17 years,2024,0
HU,Hungary,M,Males,Y14-17,From 14 to 17 years,2025,0
IE,Ireland,M,Males,Y14-17,From 14 to 17 years,2021,15
IE,Ireland,M,Males,Y14-17,From 14 to 17 years,2022,20
IE,Ireland,M,Males,Y14-17,From 14 to 17 years,2023,5
IE,Ireland,M,Males,Y14-17,From 14 to 17 years,2024,10
IE,Ireland,M,Males,Y14-17,From 14 to 17 years,2025,20
IS,Iceland,M,Males,Y14-17,From 14 to 17 years,2021,5
IS,Iceland,M,Males,Y14-17,From 14 to 17 years,2022,0
IS,Iceland,M,Males,Y14-17,From 14 to 17 years,2023,0
IS,Iceland,M,Males,Y14-17,From 14 to 17 years,2024,0
IS,Iceland,M,Males,Y14-17,From 14 to 17 years,2025,0
IT,Italy,M,Males,Y14-17,From 14 to 17 years,2021,275
IT,Italy,M,Males,Y14-17,From 14 to 17 years,2022,40
IT,Italy,M,Males,Y14-17,From 14 to 17 years,2023,50
IT,Italy,M,Males,Y14-17,From 14 to 17 years,2024,45
IT,Italy,M,Males,Y14-17,From 14 to 17 years,2025,40
LI,Liechtenstein,M,Males,Y14-17,From 14 to 17 years,2021,0
LI,Liechtenstein,M,Males,Y14-17,From 14 to 17 years,2022,0
LI,Liechtenstein,M,Males,Y14-17,From 14 to 17 years,2023,0
LI,Liechtenstein,M,Males,Y14-17,From 14 to 17 years,2024,0
LI,Liechtenstein,M,Males,Y14-17,From 14 to 17 years,2025,0
LT,Lithuania,M,Males,Y14-17,From 14 to 17 years,2021,0
LT,Lithuania,M,Males,Y14-17,From 14 to 17 years,2022,0
LT,Lithuania,M,Males,Y14-17,From 14 to 17 years,2023,0
LT,Lithuania,M,Males,Y14-17,From 14 to 17 years,2024,0
LT,Lithuania,M,Males,Y14-17,From 14 to 17 years,2025,0
LU,Luxembourg,M,Males,Y14-17,From 14 to 17 years,2021,0
LU,Luxembourg,M,Males,Y14-17,From 14 to 17 years,2022,0
LU,Luxembourg,M,Males,Y14-17,From 14 to 17 years,2023,0
LU,Luxembourg,M,Males,Y14-17,From 14 to 17 years,2024,0
LU,Luxembourg,M,Males,Y14-17,From 14 to 17 years,2025,0
LV,Latvia,M,Males,Y14-17,From 14 to 17 years,2021,0
LV,Latvia,M,Males,Y14-17,From 14 to 17 years,2022,0
LV,Latvia,M,Males,Y14-17,From 14 to 17 years,2023,0
LV,Latvia,M,Males,Y14-17,From 14 to 17 years,2024,0
LV,Latvia,M,Males,Y14-17,From 14 to 17 years,2025,0
MT,Malta,M,Males,Y14-17,From 14 to 17 years,2021,0
MT,Malta,M,Males,Y14-17,From 14 to 17 years,2022,0
MT,Malta,M,Males,Y14-17,From 14 to 17 years,2023,0
MT,Malta,M,Males,Y14-17,From 14 to 17 years,2024,0
MT,Malta,M,Males,Y14-17,From 14 to 17 years,2025,0
NL,Netherlands,M,Males,Y14-17,From 14 to 17 years,2021,35
NL,Netherlands,M,Males,Y14-17,From 14 to 17 years,2022,75
NL,Netherlands,M,Males,Y14-17,From 14 to 17 years,2023,45
NL,Netherlands,M,Males,Y14-17,From 14 to 17 years,2024,60
NL,Netherlands,M,Males,Y14-17,From 14 to 17 years,2025,35
NO,Norway,M,Males,Y14-17,From 14 to 17 years,2021,175
NO,Norway,M,Males,Y14-17,From 14 to 17 years,2022,155
NO,Norway,M,Males,Y14-17,From 14 to 17 years,2023,120
NO,Norway,M,Males,Y14-17,From 14 to 17 years,2024,65
NO,Norway,M,Males,Y14-17,From 14 to 17 years,2025,25
PL,Poland,M,Males,Y14-17,From 14 to 17 years,2021,0
PL,Poland,M,Males,Y14-17,From 14 to 17 years,2022,0
PL,Poland,M,Males,Y14-17,From 14 to 17 years,2023,0
PL,Poland,M,Males,Y14-17,From 14 to 17 years,2024,0
PL,Poland,M,Males,Y14-17,From 14 to 17 years,2025,0
PT,Portugal,M,Males,Y14-17,From 14 to 17 years,2021,0
PT,Portugal,M,Males,Y14-17,From 14 to 17 years,2022,0
PT,Portugal,M,Males,Y14-17,From 14 to 17 years,2023,0
PT,Portugal,M,Males,Y14-17,From 14 to 17 years,2024,0
PT,Portugal,M,Males,Y14-17,From 14 to 17 years,2025,15
RO,Romania,M,Males,Y14-17,From 14 to 17 years,2021,5
RO,Romania,M,Males,Y14-17,From 14 to 17 years,2022,5
RO,Romania,M,Males,Y14-17,From 14 to 17 years,2023,10
RO,Romania,M,Males,Y14-17,From 14 to 17 years,2024,0
RO,Romania,M,Males,Y14-17,From 14 to 17 years,2025,10
SE,Sweden,M,Males,Y14-17,From 14 to 17 years,2021,370
SE,Sweden,M,Males,Y14-17,From 14 to 17 years,2022,295
SE,Sweden,M,Males,Y14-17,From 14 to 17 years,2023,25
SE,Sweden,M,Males,Y14-17,From 14 to 17 years,2024,30
SE,Sweden,M,Males,Y14-17,From 14 to 17 years,2025,50
SI,Slovenia,M,Males,Y14-17,From 14 to 17 years,2021,0
SI,Slovenia,M,Males,Y14-17,From 14 to 17 years,2022,0
SI,Slovenia,M,Males,Y14-17,From 14 to 17 years,2023,0
SI,Slovenia,M,Males,Y14-17,From 14 to 17 years,2024,0
SI,Slovenia,M,Males,Y14-17,From 14 to 17 years,2025,0
SK,Slovakia,M,Males,Y14-17,From 14 to 17 years,2021,0
SK,Slovakia,M,Males,Y14-17,From 14 to 17 years,2022,0
SK,Slovakia,M,Males,Y14-17,From 14 to 17 years,2023,0
SK,Slovakia,M,Males,Y14-17,From 14 to 17 years,2024,0
SK,Slovakia,M,Males,Y14-17,From 14 to 17 years,2025,0
AT,Austria,M,Males,Y18-34,From 18 to 34 years,2021,0
AT,Austria,M,Males,Y18-34,From 18 to 34 years,2022,0
AT,Austria,M,Males,Y18-34,From 18 to 34 years,2023,0
AT,Austria,M,Males,Y18-34,From 18 to 34 years,2024,0
AT,Austria,M,Males,Y18-34,From 18 to 34 years,2025,0
BE,Belgium,M,Males,Y18-34,From 18 to 34 years,2021,140
BE,Belgium,M,Males,Y18-34,From 18 to 34 years,2022,5
BE,Belgium,M,Males,Y18-34,From 18 to 34 years,2023,60
BE,Belgium,M,Males,Y18-34,From 18 to 34 years,2024,120
BE,Belgium,M,Males,Y18-34,From 18 to 34 years,2025,5
BG,Bulgaria,M,Males,Y18-34,From 18 to 34 years,2021,0
BG,Bulgaria,M,Males,Y18-34,From 18 to 34 years,2022,0
BG,Bulgaria,M,Males,Y18-34,From 18 to 34 years,2023,0
BG,Bulgaria,M,Males,Y18-34,From 18 to 34 years,2024,0
BG,Bulgaria,M,Males,Y18-34,From 18 to 34 years,2025,5
CH,Switzerland,M,Males,Y18-34,From 18 to 34 years,2021,120
CH,Switzerland,M,Males,Y18-34,From 18 to 34 years,2022,65
CH,Switzerland,M,Males,Y18-34,From 18 to 34 years,2023,40
CH,Switzerland,M,Males,Y18-34,From 18 to 34 years,2024,0
CH,Switzerland,M,Males,Y18-34,From 18 to 34 years,2025,5
CY,Cyprus,M,Males,Y18-34,From 18 to 34 years,2021,0
CY,Cyprus,M,Males,Y18-34,From 18 to 34 years,2022,0
CY,Cyprus,M,Males,Y18-34,From 18 to 34 years,2023,0
CY,Cyprus,M,Males,Y18-34,From 18 to 34 years,2024,0
CY,Cyprus,M,Males,Y18-34,From 18 to 34 years,2025,0
CZ,Czechia,M,Males,Y18-34,From 18 to 34 years,2021,0
CZ,Czechia,M,Males,Y18-34,From 18 to 34 years,2022,0
CZ,Czechia,M,Males,Y18-34,From 18 to 34 years,2023,0
CZ,Czechia,M,Males,Y18-34,From 18 to 34 years,2024,0
CZ,Czechia,M,Males,Y18-34,From 18 to 34 years,2025,0
DE,Germany,M,Males,Y18-34,From 18 to 34 years,2021,550
DE,Germany,M,Males,Y18-34,From 18 to 34 years,2022,495
DE,Germany,M,Males,Y18-34,From 18 to 34 years,2023,680
DE,Germany,M,Males,Y18-34,From 18 to 34 years,2024,750
DE,Germany,M,Males,Y18-34,From 18 to 34 years,2025,325
DK,Denmark,M,Males,Y18-34,From 18 to 34 years,2021,0
DK,Denmark,M,Males,Y18-34,From 18 to 34 years,2022,5
DK,Denmark,M,Males,Y18-34,From 18 to 34 years,2023,5
DK,Denmark,M,Males,Y18-34,From 18 to 34 years,2024,5
DK,Denmark,M,Males,Y18-34,From 18 to 34 years,2025,15
EE,Estonia,M,Males,Y18-34,From 18 to 34 years,2021,0
EE,Estonia,M,Males,Y18-34,From 18 to 34 years,2022,0
EE,Estonia,M,Males,Y18-34,From 18 to 34 years,2023,0
EE,Estonia,M,Males,Y18-34,From 18 to 34 years,2024,0
EE,Estonia,M,Males,Y18-34,From 18 to 34 years,2025,0
EL,Greece,M,Males,Y18-34,From 18 to 34 years,2021,0
EL,Greece,M,Males,Y18-34,From 18 to 34 years,2022,0
EL,Greece,M,Males,Y18-34,From 18 to 34 years,2023,0
EL,Greece,M,Males,Y18-34,From 18 to 34 years,2024,0
EL,Greece,M,Males,Y18-34,From 18 to 34 years,2025,0
ES,Spain,M,Males,Y18-34,From 18 to 34 years,2021,70
ES,Spain,M,Males,Y18-34,From 18 to 34 years,2022,120
ES,Spain,M,Males,Y18-34,From 18 to 34 years,2023,135
ES,Spain,M,Males,Y18-34,From 18 to 34 years,2024,105
ES,Spain,M,Males,Y18-34,From 18 to 34 years,2025,155
EU27_2020,European Union - 27 countries (from 2020),M,Males,Y18-34,From 18 to 34 years,2021,4480
EU27_2020,European Union - 27 countries (from 2020),M,Males,Y18-34,From 18 to 34 years,2022,2750
EU27_2020,European Union - 27 countries (from 2020),M,Males,Y18-34,From 18 to 34 years,2023,1915
EU27_2020,European Union - 27 countries (from 2020),M,Males,Y18-34,From 18 to 34 years,2024,2015
EU27_2020,European Union - 27 countries (from 2020),M,Males,Y18-34,From 18 to 34 years,2025,1385
FI,Finland,M,Males,Y18-34,From 18 to 34 years,2021,155
FI,Finland,M,Males,Y18-34,From 18 to 34 years,2022,220
FI,Finland,M,Males,Y18-34,From 18 to 34 years,2023,175
FI,Finland,M,Males,Y18-34,From 18 to 34 years,2024,95
FI,Finland,M,Males,Y18-34,From 18 to 34 years,2025,75
FR,France,M,Males,Y18-34,From 18 to 34 years,2021,295
FR,France,M,Males,Y18-34,From 18 to 34 years,2022,430
FR,France,M,Males,Y18-34,From 18 to 34 years,2023,360
FR,France,M,Males,Y18-34,From 18 to 34 years,2024,340
FR,France,M,Males,Y18-34,From 18 to 34 years,2025,395
HR,Croatia,M,Males,Y18-34,From 18 to 34 years,2021,0
HR,Croatia,M,Males,Y18-34,From 18 to 34 years,2022,0
HR,Croatia,M,Males,Y18-34,From 18 to 34 years,2023,0
HR,Croatia,M,Males,Y18-34,From 18 to 34 years,2024,0
HR,Croatia,M,Males,Y18-34,From 18 to 34 years,2025,0
HU,Hungary,M,Males,Y18-34,From 18 to 34 years,2021,0
HU,Hungary,M,Males,Y18-34,From 18 to 34 years,2022,0
HU,Hungary,M,Males,Y18-34,From 18 to 34 years,2023,0
HU,Hungary,M,Males,Y18-34,From 18 to 34 years,2024,0
HU,Hungary,M,Males,Y18-34,From 18 to 34 years,2025,0
IE,Ireland,M,Males,Y18-34,From 18 to 34 years,2021,90
IE,Ireland,M,Males,Y18-34,From 18 to 34 years,2022,40
IE,Ireland,M,Males,Y18-34,From 18 to 34 years,2023,10
IE,Ireland,M,Males,Y18-34,From 18 to 34 years,2024,25
IE,Ireland,M,Males,Y18-34,From 18 to 34 years,2025,30
IS,Iceland,M,Males,Y18-34,From 18 to 34 years,2021,0
IS,Iceland,M,Males,Y18-34,From 18 to 34 years,2022,0
IS,Iceland,M,Males,Y18-34,From 18 to 34 years,2023,5
IS,Iceland,M,Males,Y18-34,From 18 to 34 years,2024,0
IS,Iceland,M,Males,Y18-34,From 18 to 34 years,2025,0
IT,Italy,M,Males,Y18-34,From 18 to 34 years,2021,2175
IT,Italy,M,Males,Y18-34,From 18 to 34 years,2022,465
IT,Italy,M,Males,Y18-34,From 18 to 34 years,2023,300
IT,Italy,M,Males,Y18-34,From 18 to 34 years,2024,420
IT,Italy,M,Males,Y18-34,From 18 to 34 years,2025,165
LI,Liechtenstein,M,Males,Y18-34,From 18 to 34 years,2021,0
LI,Liechtenstein,M,Males,Y18-34,From 18 to 34 years,2022,0
LI,Liechtenstein,M,Males,Y18-34,From 18 to 34 years,2023,0
LI,Liechtenstein,M,Males,Y18-34,From 18 to 34 years,2024,0
LI,Liechtenstein,M,Males,Y18-34,From 18 to 34 years,2025,0
LT,Lithuania,M,Males,Y18-34,From 18 to 34 years,2021,0
LT,Lithuania,M,Males,Y18-34,From 18 to 34 years,2022,0
LT,Lithuania,M,Males,Y18-34,From 18 to 34 years,2023,0
LT,Lithuania,M,Males,Y18-34,From 18 to 34 years,2024,0
LT,Lithuania,M,Males,Y18-34,From 18 to 34 years,2025,0
LU,Luxembourg,M,Males,Y18-34,From 18 to 34 years,2021,0
LU,Luxembourg,M,Males,Y18-34,From 18 to 34 years,2022,0
LU,Luxembourg,M,Males,Y18-34,From 18 to 34 years,2023,0
LU,Luxembourg,M,Males,Y18-34,From 18 to 34 years,2024,0
LU,Luxembourg,M,Males,Y18-34,From 18 to 34 years,2025,0
LV,Latvia,M,Males,Y18-34,From 18 to 34 years,2021,0
LV,Latvia,M,Males,Y18-34,From 18 to 34 years,2022,0
LV,Latvia,M,Males,Y18-34,From 18 to 34 years,2023,0
LV,Latvia,M,Males,Y18-34,From 18 to 34 years,2024,0
LV,Latvia,M,Males,Y18-34,From 18 to 34 years,2025,0
MT,Malta,M,Males,Y18-34,From 18 to 34 years,2021,0
MT,Malta,M,Males,Y18-34,From 18 to 34 years,2022,0
MT,Malta,M,Males,Y18-34,From 18 to 34 years,2023,0
MT,Malta,M,Males,Y18-34,From 18 to 34 years,2024,0
MT,Malta,M,Males,Y18-34,From 18 to 34 years,2025,0
NL,Netherlands,M,Males,Y18-34,From 18 to 34 years,2021,85
NL,Netherlands,M,Males,Y18-34,From 18 to 34 years,2022,230
NL,Netherlands,M,Males,Y18-34,From 18 to 34 years,2023,110
NL,Netherlands,M,Males,Y18-34,From 18 to 34 years,2024,100
NL,Netherlands,M,Males,Y18-34,From 18 to 34 years,2025,95
NO,Norway,M,Males,Y18-34,From 18 to 34 years,2021,415
NO,Norway,M,Males,Y18-34,From 18 to 34 years,2022,325
NO,Norway,M,Males,Y18-34,From 18 to 34 years,2023,180
NO,Norway,M,Males,Y18-34,From 18 to 34 years,2024,155
NO,Norway,M,Males,Y18-34,From 18 to 34 years,2025,90
PL,Poland,M,Males,Y18-34,From 18 to 34 years,2021,0
PL,Poland,M,Males,Y18-34,From 18 to 34 years,2022,0
PL,Poland,M,Males,Y18-34,From 18 to 34 years,2023,0
PL,Poland,M,Males,Y18-34,From 18 to 34 years,2024,0
PL,Poland,M,Males,Y18-34,From 18 to 34 years,2025,0
PT,Portugal,M,Males,Y18-34,From 18 to 34 years,2021,5
PT,Portugal,M,Males,Y18-34,From 18 to 34 years,2022,0
PT,Portugal,M,Males,Y18-34,From 18 to 34 years,2023,0
PT,Portugal,M,Males,Y18-34,From 18 to 34 years,2024,0
PT,Portugal,M,Males,Y18-34,From 18 to 34 years,2025,45
RO,Romania,M,Males,Y18-34,From 18 to 34 years,2021,5
RO,Romania,M,Males,Y18-34,From 18 to 34 years,2022,5
RO,Romania,M,Males,Y18-34,From 18 to 34 years,2023,10
RO,Romania,M,Males,Y18-34,From 18 to 34 years,2024,0
RO,Romania,M,Males,Y18-34,From 18 to 34 years,2025,5
SE,Sweden,M,Males,Y18-34,From 18 to 34 years,2021,910
SE,Sweden,M,Males,Y18-34,From 18 to 34 years,2022,735
SE,Sweden,M,Males,Y18-34,From 18 to 34 years,2023,70
SE,Sweden,M,Males,Y18-34,From 18 to 34 years,2024,55
SE,Sweden,M,Males,Y18-34,From 18 to 34 years,2025,65
SI,Slovenia,M,Males,Y18-34,From 18 to 34 years,2021,0
SI,Slovenia,M,Males,Y18-34,From 18 to 34 years,2022,0
SI,Slovenia,M,Males,Y18-34,From 18 to 34 years,2023,0
SI,Slovenia,M,Males,Y18-34,From 18 to 34 years,2024,0
SI,Slovenia,M,Males,Y18-34,From 18 to 34 years,2025,0
SK,Slovakia,M,Males,Y18-34,From 18 to 34 years,2021,0
SK,Slovakia,M,Males,Y18-34,From 18 to 34 years,2022,0
SK,Slovakia,M,Males,Y18-34,From 18 to 34 years,2023,0
SK,Slovakia,M,Males,Y18-34,From 18 to 34 years,2024,0
SK,Slovakia,M,Males,Y18-34,From 18 to 34 years,2025,0
AT,Austria,M,Males,Y35-64,From 35 to 64 years,2021,0
AT,Austria,M,Males,Y35-64,From 35 to 64 years,2022,0
AT,Austria,M,Males,Y35-64,From 35 to 64 years,2023,0
AT,Austria,M,Males,Y35-64,From 35 to 64 years,2024,0
AT,Austria,M,Males,Y35-64,From 35 to 64 years,2025,0
BE,Belgium,M,Males,Y35-64,From 35 to 64 years,2021,125
BE,Belgium,M,Males,Y35-64,From 35 to 64 years,2022,10
BE,Belgium,M,Males,Y35-64,From 35 to 64 years,2023,15
BE,Belgium,M,Males,Y35-64,From 35 to 64 years,2024,40
BE,Belgium,M,Males,Y35-64,From 35 to 64 years,2025,5
BG,Bulgaria,M,Males,Y35-64,From 35 to 64 years,2021,0
BG,Bulgaria,M,Males,Y35-64,From 35 to 64 years,2022,0
BG,Bulgaria,M,Males,Y35-64,From 35 to 64 years,2023,0
BG,Bulgaria,M,Males,Y35-64,From 35 to 64 years,2024,0
BG,Bulgaria,M,Males,Y35-64,From 35 to 64 years,2025,0
CH,Switzerland,M,Males,Y35-64,From 35 to 64 years,2021,125
CH,Switzerland,M,Males,Y35-64,From 35 to 64 years,2022,70
CH,Switzerland,M,Males,Y35-64,From 35 to 64 years,2023,40
CH,Switzerland,M,Males,Y35-64,From 35 to 64 years,2024,0
CH,Switzerland,M,Males,Y35-64,From 35 to 64 years,2025,5
CY,Cyprus,M,Males,Y35-64,From 35 to 64 years,2021,0
CY,Cyprus,M,Males,Y35-64,From 35 to 64 years,2022,0
CY,Cyprus,M,Males,Y35-64,From 35 to 64 years,2023,0
CY,Cyprus,M,Males,Y35-64,From 35 to 64 years,2024,0
CY,Cyprus,M,Males,Y35-64,From 35 to 64 years,2025,0
CZ,Czechia,M,Males,Y35-64,From 35 to 64 years,2021,0
CZ,Czechia,M,Males,Y35-64,From 35 to 64 years,2022,0
CZ,Czechia,M,Males,Y35-64,From 35 to 64 years,2023,0
CZ,Czechia,M,Males,Y35-64,From 35 to 64 years,2024,0
CZ,Czechia,M,Males,Y35-64,From 35 to 64 years,2025,0
DE,Germany,M,Males,Y35-64,From 35 to 64 years,2021,595
DE,Germany,M,Males,Y35-64,From 35 to 64 years,2022,620
DE,Germany,M,Males,Y35-64,From 35 to 64 years,2023,610
DE,Germany,M,Males,Y35-64,From 35 to 64 years,2024,575
DE,Germany,M,Males,Y35-64,From 35 to 64 years,2025,190
DK,Denmark,M,Males,Y35-64,From 35 to 64 years,2021,0
DK,Denmark,M,Males,Y35-64,From 35 to 64 years,2022,0
DK,Denmark,M,Males,Y35-64,From 35 to 64 years,2023,0
DK,Denmark,M,Males,Y35-64,From 35 to 64 years,2024,0
DK,Denmark,M,Males,Y35-64,From 35 to 64 years,2025,0
EE,Estonia,M,Males,Y35-64,From 35 to 64 years,2021,0
EE,Estonia,M,Males,Y35-64,From 35 to 64 years,2022,0
EE,Estonia,M,Males,Y35-64,From 35 to 64 years,2023,0
EE,Estonia,M,Males,Y35-64,From 35 to 64 years,2024,0
EE,Estonia,M,Males,Y35-64,From 35 to 64 years,2025,0
EL,Greece,M,Males,Y35-64,From 35 to 64 years,2021,0
EL,Greece,M,Males,Y35-64,From 35 to 64 years,2022,0
EL,Greece,M,Males,Y35-64,From 35 to 64 years,2023,0
EL,Greece,M,Males,Y35-64,From 35 to 64 years,2024,0
EL,Greece,M,Males,Y35-64,From 35 to 64 years,2025,0
ES,Spain,M,Males,Y35-64,From 35 to 64 years,2021,70
ES,Spain,M,Males,Y35-64,From 35 to 64 years,2022,165
ES,Spain,M,Males,Y35-64,From 35 to 64 years,2023,155
ES,Spain,M,Males,Y35-64,From 35 to 64 years,2024,95
ES,Spain,M,Males,Y35-64,From 35 to 64 years,2025,130
EU27_2020,European Union - 27 countries (from 2020),M,Males,Y35-64,From 35 to 64 years,2021,2395
EU27_2020,European Union - 27 countries (from 2020),M,Males,Y35-64,From 35 to 64 years,2022,2070
EU27_2020,European Union - 27 countries (from 2020),M,Males,Y35-64,From 35 to 64 years,2023,1555
EU27_2020,European Union - 27 countries (from 2020),M,Males,Y35-64,From 35 to 64 years,2024,1240
EU27_2020,European Union - 27 countries (from 2020),M,Males,Y35-64,From 35 to 64 years,2025,805
FI,Finland,M,Males,Y35-64,From 35 to 64 years,2021,110
FI,Finland,M,Males,Y35-64,From 35 to 64 years,2022,110
FI,Finland,M,Males,Y35-64,From 35 to 64 years,2023,90
FI,Finland,M,Males,Y35-64,From 35 to 64 years,2024,75
FI,Finland,M,Males,Y35-64,From 35 to 64 years,2025,50
FR,France,M,Males,Y35-64,From 35 to 64 years,2021,215
FR,France,M,Males,Y35-64,From 35 to 64 years,2022,330
FR,France,M,Males,Y35-64,From 35 to 64 years,2023,315
FR,France,M,Males,Y35-64,From 35 to 64 years,2024,180
FR,France,M,Males,Y35-64,From 35 to 64 years,2025,180
HR,Croatia,M,Males,Y35-64,From 35 to 64 years,2021,0
HR,Croatia,M,Males,Y35-64,From 35 to 64 years,2022,0
HR,Croatia,M,Males,Y35-64,From 35 to 64 years,2023,0
HR,Croatia,M,Males,Y35-64,From 35 to 64 years,2024,0
HR,Croatia,M,Males,Y35-64,From 35 to 64 years,2025,0
HU,Hungary,M,Males,Y35-64,From 35 to 64 years,2021,0
HU,Hungary,M,Males,Y35-64,From 35 to 64 years,2022,0
HU,Hungary,M,Males,Y35-64,From 35 to 64 years,2023,0
HU,Hungary,M,Males,Y35-64,From 35 to 64 years,2024,0
HU,Hungary,M,Males,Y35-64,From 35 to 64 years,2025,0
IE,Ireland,M,Males,Y35-64,From 35 to 64 years,2021,50
IE,Ireland,M,Males,Y35-64,From 35 to 64 years,2022,40
IE,Ireland,M,Males,Y35-64,From 35 to 64 years,2023,20
IE,Ireland,M,Males,Y35-64,From 35 to 64 years,2024,20
IE,Ireland,M,Males,Y35-64,From 35 to 64 years,2025,50
IS,Iceland,M,Males,Y35-64,From 35 to 64 years,2021,5
IS,Iceland,M,Males,Y35-64,From 35 to 64 years,2022,0
IS,Iceland,M,Males,Y35-64,From 35 to 64 years,2023,0
IS,Iceland,M,Males,Y35-64,From 35 to 64 years,2024,0
IS,Iceland,M,Males,Y35-64,From 35 to 64 years,2025,0
IT,Italy,M,Males,Y35-64,From 35 to 64 years,2021,535
IT,Italy,M,Males,Y35-64,From 35 to 64 years,2022,145
IT,Italy,M,Males,Y35-64,From 35 to 64 years,2023,185
IT,Italy,M,Males,Y35-64,From 35 to 64 years,2024,160
IT,Italy,M,Males,Y35-64,From 35 to 64 years,2025,90
LI,Liechtenstein,M,Males,Y35-64,From 35 to 64 years,2021,0
LI,Liechtenstein,M,Males,Y35-64,From 35 to 64 years,2022,0
LI,Liechtenstein,M,Males,Y35-64,From 35 to 64 years,2023,0
LI,Liechtenstein,M,Males,Y35-64,From 35 to 64 years,2024,0
LI,Liechtenstein,M,Males,Y35-64,From 35 to 64 years,2025,0
LT,Lithuania,M,Males,Y35-64,From 35 to 64 years,2021,0
LT,Lithuania,M,Males,Y35-64,From 35 to 64 years,2022,0
LT,Lithuania,M,Males,Y35-64,From 35 to 64 years,2023,0
LT,Lithuania,M,Males,Y35-64,From 35 to 64 years,2024,0
LT,Lithuania,M,Males,Y35-64,From 35 to 64 years,2025,0
LU,Luxembourg,M,Males,Y35-64,From 35 to 64 years,2021,0
LU,Luxembourg,M,Males,Y35-64,From 35 to 64 years,2022,0
LU,Luxembourg,M,Males,Y35-64,From 35 to 64 years,2023,0
LU,Luxembourg,M,Males,Y35-64,From 35 to 64 years,2024,0
LU,Luxembourg,M,Males,Y35-64,From 35 to 64 years,2025,0
LV,Latvia,M,Males,Y35-64,From 35 to 64 years,2021,0
LV,Latvia,M,Males,Y35-64,From 35 to 64 years,2022,0
LV,Latvia,M,Males,Y35-64,From 35 to 64 years,2023,0
LV,Latvia,M,Males,Y35-64,From 35 to 64 years,2024,0
LV,Latvia,M,Males,Y35-64,From 35 to 64 years,2025,0
MT,Malta,M,Males,Y35-64,From 35 to 64 years,2021,0
MT,Malta,M,Males,Y35-64,From 35 to 64 years,2022,0
MT,Malta,M,Males,Y35-64,From 35 to 64 years,2023,0
MT,Malta,M,Males,Y35-64,From 35 to 64 years,2024,0
MT,Malta,M,Males,Y35-64,From 35 to 64 years,2025,0
NL,Netherlands,M,Males,Y35-64,From 35 to 64 years,2021,60
NL,Netherlands,M,Males,Y35-64,From 35 to 64 years,2022,175
NL,Netherlands,M,Males,Y35-64,From 35 to 64 years,2023,95
NL,Netherlands,M,Males,Y35-64,From 35 to 64 years,2024,75
NL,Netherlands,M,Males,Y35-64,From 35 to 64 years,2025,55
NO,Norway,M,Males,Y35-64,From 35 to 64 years,2021,330
NO,Norway,M,Males,Y35-64,From 35 to 64 years,2022,295
NO,Norway,M,Males,Y35-64,From 35 to 64 years,2023,225
NO,Norway,M,Males,Y35-64,From 35 to 64 years,2024,140
NO,Norway,M,Males,Y35-64,From 35 to 64 years,2025,55
PL,Poland,M,Males,Y35-64,From 35 to 64 years,2021,0
PL,Poland,M,Males,Y35-64,From 35 to 64 years,2022,0
PL,Poland,M,Males,Y35-64,From 35 to 64 years,2023,0
PL,Poland,M,Males,Y35-64,From 35 to 64 years,2024,0
PL,Poland,M,Males,Y35-64,From 35 to 64 years,2025,0
PT,Portugal,M,Males,Y35-64,From 35 to 64 years,2021,0
PT,Portugal,M,Males,Y35-64,From 35 to 64 years,2022,0
PT,Portugal,M,Males,Y35-64,From 35 to 64 years,2023,0
PT,Portugal,M,Males,Y35-64,From 35 to 64 years,2024,0
PT,Portugal,M,Males,Y35-64,From 35 to 64 years,2025,30
RO,Romania,M,Males,Y35-64,From 35 to 64 years,2021,10
RO,Romania,M,Males,Y35-64,From 35 to 64 years,2022,15
RO,Romania,M,Males,Y35-64,From 35 to 64 years,2023,20
RO,Romania,M,Males,Y35-64,From 35 to 64 years,2024,0
RO,Romania,M,Males,Y35-64,From 35 to 64 years,2025,5
SE,Sweden,M,Males,Y35-64,From 35 to 64 years,2021,625
SE,Sweden,M,Males,Y35-64,From 35 to 64 years,2022,460
SE,Sweden,M,Males,Y35-64,From 35 to 64 years,2023,40
SE,Sweden,M,Males,Y35-64,From 35 to 64 years,2024,10
SE,Sweden,M,Males,Y35-64,From 35 to 64 years,2025,20
SI,Slovenia,M,Males,Y35-64,From 35 to 64 years,2021,0
SI,Slovenia,M,Males,Y35-64,From 35 to 64 years,2022,0
SI,Slovenia,M,Males,Y35-64,From 35 to 64 years,2023,0
SI,Slovenia,M,Males,Y35-64,From 35 to 64 years,2024,5
SI,Slovenia,M,Males,Y35-64,From 35 to 64 years,2025,0
SK,Slovakia,M,Males,Y35-64,From 35 to 64 years,2021,0
SK,Slovakia,M,Males,Y35-64,From 35 to 64 years,2022,0
SK,Slovakia,M,Males,Y35-64,From 35 to 64 years,2023,0
SK,Slovakia,M,Males,Y35-64,From 35 to 64 years,2024,0
SK,Slovakia,M,Males,Y35-64,From 35 to 64 years,2025,0
AT,Austria,M,Males,Y_GE65,65 years or over,2021,0
AT,Austria,M,Males,Y_GE65,65 years or over,2022,0
AT,Austria,M,Males,Y_GE65,65 years or over,2023,0
AT,Austria,M,Males,Y_GE65,65 years or over,2024,0
AT,Austria,M,Males,Y_GE65,65 years or over,2025,0
BE,Belgium,M,Males,Y_GE65,65 years or over,2021,5
BE,Belgium,M,Males,Y_GE65,65 years or over,2022,0
BE,Belgium,M,Males,Y_GE65,65 years or over,2023,0
BE,Belgium,M,Males,Y_GE65,65 years or over,2024,0
BE,Belgium,M,Males,Y_GE65,65 years or over,2025,0
BG,Bulgaria,M,Males,Y_GE65,65 years or over,2021,0
BG,Bulgaria,M,Males,Y_GE65,65 years or over,2022,0
BG,Bulgaria,M,Males,Y_GE65,65 years or over,2023,0
BG,Bulgaria,M,Males,Y_GE65,65 years or over,2024,0
BG,Bulgaria,M,Males,Y_GE65,65 years or over,2025,0
CH,Switzerland,M,Males,Y_GE65,65 years or over,2021,5
CH,Switzerland,M,Males,Y_GE65,65 years or over,2022,0
CH,Switzerland,M,Males,Y_GE65,65 years or over,2023,5
CH,Switzerland,M,Males,Y_GE65,65 years or over,2024,0
CH,Switzerland,M,Males,Y_GE65,65 years or over,2025,0
CY,Cyprus,M,Males,Y_GE65,65 years or over,2021,0
CY,Cyprus,M,Males,Y_GE65,65 years or over,2022,0
CY,Cyprus,M,Males,Y_GE65,65 years or over,2023,0
CY,Cyprus,M,Males,Y_GE65,65 years or over,2024,0
CY,Cyprus,M,Males,Y_GE65,65 years or over,2025,0
CZ,Czechia,M,Males,Y_GE65,65 years or over,2021,0
CZ,Czechia,M,Males,Y_GE65,65 years or over,2022,0
CZ,Czechia,M,Males,Y_GE65,65 years or over,2023,0
CZ,Czechia,M,Males,Y_GE65,65 years or over,2024,0
CZ,Czechia,M,Males,Y_GE65,65 years or over,2025,0
DE,Germany,M,Males,Y_GE65,65 years or over,2021,35
DE,Germany,M,Males,Y_GE65,65 years or over,2022,35
DE,Germany,M,Males,Y_GE65,65 years or over,2023,30
DE,Germany,M,Males,Y_GE65,65 years or over,2024,45
DE,Germany,M,Males,Y_GE65,65 years or over,2025,20
DK,Denmark,M,Males,Y_GE65,65 years or over,2021,0
DK,Denmark,M,Males,Y_GE65,65 years or over,2022,0
DK,Denmark,M,Males,Y_GE65,65 years or over,2023,0
DK,Denmark,M,Males,Y_GE65,65 years or over,2024,0
DK,Denmark,M,Males,Y_GE65,65 years or over,2025,0
EE,Estonia,M,Males,Y_GE65,65 years or over,2021,0
EE,Estonia,M,Males,Y_GE65,65 years or over,2022,0
EE,Estonia,M,Males,Y_GE65,65 years or over,2023,0
EE,Estonia,M,Males,Y_GE65,65 years or over,2024,0
EE,Estonia,M,Males,Y_GE65,65 years or over,2025,0
EL,Greece,M,Males,Y_GE65,65 years or over,2021,0
EL,Greece,M,Males,Y_GE65,65 years or over,2022,0
EL,Greece,M,Males,Y_GE65,65 years or over,2023,0
EL,Greece,M,Males,Y_GE65,65 years or over,2024,0
EL,Greece,M,Males,Y_GE65,65 years or over,2025,0
ES,Spain,M,Males,Y_GE65,65 years or over,2021,5
ES,Spain,M,Males,Y_GE65,65 years or over,2022,5
ES,Spain,M,Males,Y_GE65,65 years or over,2023,5
ES,Spain,M,Males,Y_GE65,65 years or over,2024,0
ES,Spain,M,Males,Y_GE65,65 years or over,2025,0
EU27_2020,European Union - 27 countries (from 2020),M,Males,Y_GE65,65 years or over,2021,125
EU27_2020,European Union - 27 countries (from 2020),M,Males,Y_GE65,65 years or over,2022,105
EU27_2020,European Union - 27 countries (from 2020),M,Males,Y_GE65,65 years or over,2023,80
EU27_2020,European Union - 27 countries (from 2020),M,Males,Y_GE65,65 years or over,2024,75
EU27_2020,European Union - 27 countries (from 2020),M,Males,Y_GE65,65 years or over,2025,40
FI,Finland,M,Males,Y_GE65,65 years or over,2021,0
FI,Finland,M,Males,Y_GE65,65 years or over,2022,10
FI,Finland,M,Males,Y_GE65,65 years or over,2023,5
FI,Finland,M,Males,Y_GE65,65 years or over,2024,0
FI,Finland,M,Males,Y_GE65,65 years or over,2025,0
FR,France,M,Males,Y_GE65,65 years or over,2021,5
FR,France,M,Males,Y_GE65,65 years or over,2022,15
FR,France,M,Males,Y_GE65,65 years or over,2023,15
FR,France,M,Males,Y_GE65,65 years or over,2024,5
FR,France,M,Males,Y_GE65,65 years or over,2025,10
HR,Croatia,M,Males,Y_GE65,65 years or over,2021,0
HR,Croatia,M,Males,Y_GE65,65 years or over,2022,0
HR,Croatia,M,Males,Y_GE65,65 years or over,2023,0
HR,Croatia,M,Males,Y_GE65,65 years or over,2024,0
HR,Croatia,M,Males,Y_GE65,65 years or over,2025,0
HU,Hungary,M,Males,Y_GE65,65 years or over,2021,0
HU,Hungary,M,Males,Y_GE65,65 years or over,2022,0
HU,Hungary,M,Males,Y_GE65,65 years or over,2023,0
HU,Hungary,M,Males,Y_GE65,65 years or over,2024,0
HU,Hungary,M,Males,Y_GE65,65 years or over,2025,0
IE,Ireland,M,Males,Y_GE65,65 years or over,2021,5
IE,Ireland,M,Males,Y_GE65,65 years or over,2022,5
IE,Ireland,M,Males,Y_GE65,65 years or over,2023,0
IE,Ireland,M,Males,Y_GE65,65 years or over,2024,0
IE,Ireland,M,Males,Y_GE65,65 years or over,2025,0
IS,Iceland,M,Males,Y_GE65,65 years or over,2021,0
IS,Iceland,M,Males,Y_GE65,65 years or over,2022,0
IS,Iceland,M,Males,Y_GE65,65 years or over,2023,0
IS,Iceland,M,Males,Y_GE65,65 years or over,2024,0
IS,Iceland,M,Males,Y_GE65,65 years or over,2025,0
IT,Italy,M,Males,Y_GE65,65 years or over,2021,40
IT,Italy,M,Males,Y_GE65,65 years or over,2022,10
IT,Italy,M,Males,Y_GE65,65 years or over,2023,20
IT,Italy,M,Males,Y_GE65,65 years or over,2024,20
IT,Italy,M,Males,Y_GE65,65 years or over,2025,5
LI,Liechtenstein,M,Males,Y_GE65,65 years or over,2021,0
LI,Liechtenstein,M,Males,Y_GE65,65 years or over,2022,0
LI,Liechtenstein,M,Males,Y_GE65,65 years or over,2023,0
LI,Liechtenstein,M,Males,Y_GE65,65 years or over,2024,0
LI,Liechtenstein,M,Males,Y_GE65,65 years or over,2025,0
LT,Lithuania,M,Males,Y_GE65,65 years or over,2021,0
LT,Lithuania,M,Males,Y_GE65,65 years or over,2022,0
LT,Lithuania,M,Males,Y_GE65,65 years or over,2023,0
LT,Lithuania,M,Males,Y_GE65,65 years or over,2024,0
LT,Lithuania,M,Males,Y_GE65,65 years or over,2025,0
LU,Luxembourg,M,Males,Y_GE65,65 years or over,2021,0
LU,Luxembourg,M,Males,Y_GE65,65 years or over,2022,0
LU,Luxembourg,M,Males,Y_GE65,65 years or over,2023,0
LU,Luxembourg,M,Males,Y_GE65,65 years or over,2024,0
LU,Luxembourg,M,Males,Y_GE65,65 years or over,2025,0
LV,Latvia,M,Males,Y_GE65,65 years or over,2021,0
LV,Latvia,M,Males,Y_GE65,65 years or over,2022,0
LV,Latvia,M,Males,Y_GE65,65 years or over,2023,0
LV,Latvia,M,Males,Y_GE65,65 years or over,2024,0
LV,Latvia,M,Males,Y_GE65,65 years or over,2025,0
MT,Malta,M,Males,Y_GE65,65 years or over,2021,0
MT,Malta,M,Males,Y_GE65,65 years or over,2022,0
MT,Malta,M,Males,Y_GE65,65 years or over,2023,0
MT,Malta,M,Males,Y_GE65,65 years or over,2024,0
MT,Malta,M,Males,Y_GE65,65 years or over,2025,0
NL,Netherlands,M,Males,Y_GE65,65 years or over,2021,5
NL,Netherlands,M,Males,Y_GE65,65 years or over,2022,10
NL,Netherlands,M,Males,Y_GE65,65 years or over,2023,0
NL,Netherlands,M,Males,Y_GE65,65 years or over,2024,0
NL,Netherlands,M,Males,Y_GE65,65 years or over,2025,0
NO,Norway,M,Males,Y_GE65,65 years or over,2021,10
NO,Norway,M,Males,Y_GE65,65 years or over,2022,0
NO,Norway,M,Males,Y_GE65,65 years or over,2023,0
NO,Norway,M,Males,Y_GE65,65 years or over,2024,0
NO,Norway,M,Males,Y_GE65,65 years or over,2025,0
PL,Poland,M,Males,Y_GE65,65 years or over,2021,0
PL,Poland,M,Males,Y_GE65,65 years or over,2022,0
PL,Poland,M,Males,Y_GE65,65 years or over,2023,0
PL,Poland,M,Males,Y_GE65,65 years or over,2024,0
PL,Poland,M,Males,Y_GE65,65 years or over,2025,0
PT,Portugal,M,Males,Y_GE65,65 years or over,2021,0
PT,Portugal,M,Males,Y_GE65,65 years or over,2022,0
PT,Portugal,M,Males,Y_GE65,65 years or over,2023,0
PT,Portugal,M,Males,Y_GE65,65 years or over,2024,0
PT,Portugal,M,Males,Y_GE65,65 years or over,2025,0
RO,Romania,M,Males,Y_GE65,65 years or over,2021,0
RO,Romania,M,Males,Y_GE65,65 years or over,2022,0
RO,Romania,M,Males,Y_GE65,65 years or over,2023,0
RO,Romania,M,Males,Y_GE65,65 years or over,2024,0
RO,Romania,M,Males,Y_GE65,65 years or over,2025,0
SE,Sweden,M,Males,Y_GE65,65 years or over,2021,25
SE,Sweden,M,Males,Y_GE65,65 years or over,2022,20
SE,Sweden,M,Males,Y_GE65,65 years or over,2023,0
SE,Sweden,M,Males,Y_GE65,65 years or over,2024,0
SE,Sweden,M,Males,Y_GE65,65 years or over,2025,0
SI,Slovenia,M,Males,Y_GE65,65 years or over,2021,0
SI,Slovenia,M,Males,Y_GE65,65 years or over,2022,0
SI,Slovenia,M,Males,Y_GE65,65 years or over,2023,0
SI,Slovenia,M,Males,Y_GE65,65 years or over,2024,0
SI,Slovenia,M,Males,Y_GE65,65 years or over,2025,0
SK,Slovakia,M,Males,Y_GE65,65 years or over,2021,0
SK,Slovakia,M,Males,Y_GE65,65 years or over,2022,0
SK,Slovakia,M,Males,Y_GE65,65 years or over,2023,0
SK,Slovakia,M,Males,Y_GE65,65 years or over,2024,0
SK,Slovakia,M,Males,Y_GE65,65 years or over,2025,0
AT,Austria,M,Males,Y_LT14,Less than 14 years,2021,0
AT,Austria,M,Males,Y_LT14,Less than 14 years,2022,0
AT,Austria,M,Males,Y_LT14,Less than 14 years,2023,0
AT,Austria,M,Males,Y_LT14,Less than 14 years,2024,0
AT,Austria,M,Males,Y_LT14,Less than 14 years,2025,0
BE,Belgium,M,Males,Y_LT14,Less than 14 years,2021,205
BE,Belgium,M,Males,Y_LT14,Less than 14 years,2022,20
BE,Belgium,M,Males,Y_LT14,Less than 14 years,2023,40
BE,Belgium,M,Males,Y_LT14,Less than 14 years,2024,85
BE,Belgium,M,Males,Y_LT14,Less than 14 years,2025,5
BG,Bulgaria,M,Males,Y_LT14,Less than 14 years,2021,0
BG,Bulgaria,M,Males,Y_LT14,Less than 14 years,2022,0
BG,Bulgaria,M,Males,Y_LT14,Less than 14 years,2023,0
BG,Bulgaria,M,Males,Y_LT14,Less than 14 years,2024,0
BG,Bulgaria,M,Males,Y_LT14,Less than 14 years,2025,5
CH,Switzerland,M,Males,Y_LT14,Less than 14 years,2021,220
CH,Switzerland,M,Males,Y_LT14,Less than 14 years,2022,135
CH,Switzerland,M,Males,Y_LT14,Less than 14 years,2023,80
CH,Switzerland,M,Males,Y_LT14,Less than 14 years,2024,0
CH,Switzerland,M,Males,Y_LT14,Less than 14 years,2025,15
CY,Cyprus,M,Males,Y_LT14,Less than 14 years,2021,0
CY,Cyprus,M,Males,Y_LT14,Less than 14 years,2022,0
CY,Cyprus,M,Males,Y_LT14,Less than 14 years,2023,0
CY,Cyprus,M,Males,Y_LT14,Less than 14 years,2024,0
CY,Cyprus,M,Males,Y_LT14,Less than 14 years,2025,0
CZ,Czechia,M,Males,Y_LT14,Less than 14 years,2021,0
CZ,Czechia,M,Males,Y_LT14,Less than 14 years,2022,0
CZ,Czechia,M,Males,Y_LT14,Less than 14 years,2023,0
CZ,Czechia,M,Males,Y_LT14,Less than 14 years,2024,0
CZ,Czechia,M,Males,Y_LT14,Less than 14 years,2025,0
DE,Germany,M,Males,Y_LT14,Less than 14 years,2021,1155
DE,Germany,M,Males,Y_LT14,Less than 14 years,2022,1060
DE,Germany,M,Males,Y_LT14,Less than 14 years,2023,945
DE,Germany,M,Males,Y_LT14,Less than 14 years,2024,1145
DE,Germany,M,Males,Y_LT14,Less than 14 years,2025,410
DK,Denmark,M,Males,Y_LT14,Less than 14 years,2021,10
DK,Denmark,M,Males,Y_LT14,Less than 14 years,2022,35
DK,Denmark,M,Males,Y_LT14,Less than 14 years,2023,35
DK,Denmark,M,Males,Y_LT14,Less than 14 years,2024,10
DK,Denmark,M,Males,Y_LT14,Less than 14 years,2025,75
EE,Estonia,M,Males,Y_LT14,Less than 14 years,2021,0
EE,Estonia,M,Males,Y_LT14,Less than 14 years,2022,0
EE,Estonia,M,Males,Y_LT14,Less than 14 years,2023,0
EE,Estonia,M,Males,Y_LT14,Less than 14 years,2024,0
EE,Estonia,M,Males,Y_LT14,Less than 14 years,2025,0
EL,Greece,M,Males,Y_LT14,Less than 14 years,2021,0
EL,Greece,M,Males,Y_LT14,Less than 14 years,2022,0
EL,Greece,M,Males,Y_LT14,Less than 14 years,2023,0
EL,Greece,M,Males,Y_LT14,Less than 14 years,2024,0
EL,Greece,M,Males,Y_LT14,Less than 14 years,2025,0
ES,Spain,M,Males,Y_LT14,Less than 14 years,2021,115
ES,Spain,M,Males,Y_LT14,Less than 14 years,2022,255
ES,Spain,M,Males,Y_LT14,Less than 14 years,2023,225
ES,Spain,M,Males,Y_LT14,Less than 14 years,2024,165
ES,Spain,M,Males,Y_LT14,Less than 14 years,2025,135
EU27_2020,European Union - 27 countries (from 2020),M,Males,Y_LT14,Less than 14 years,2021,4430
EU27_2020,European Union - 27 countries (from 2020),M,Males,Y_LT14,Less than 14 years,2022,3805
EU27_2020,European Union - 27 countries (from 2020),M,Males,Y_LT14,Less than 14 years,2023,2660
EU27_2020,European Union - 27 countries (from 2020),M,Males,Y_LT14,Less than 14 years,2024,2660
EU27_2020,European Union - 27 countries (from 2020),M,Males,Y_LT14,Less than 14 years,2025,1855
FI,Finland,M,Males,Y_LT14,Less than 14 years,2021,160
FI,Finland,M,Males,Y_LT14,Less than 14 years,2022,195
FI,Finland,M,Males,Y_LT14,Less than 14 years,2023,230
FI,Finland,M,Males,Y_LT14,Less than 14 years,2024,185
FI,Finland,M,Males,Y_LT14,Less than 14 years,2025,95
FR,France,M,Males,Y_LT14,Less than 14 years,2021,395
FR,France,M,Males,Y_LT14,Less than 14 years,2022,680
FR,France,M,Males,Y_LT14,Less than 14 years,2023,580
FR,France,M,Males,Y_LT14,Less than 14 years,2024,465
FR,France,M,Males,Y_LT14,Less than 14 years,2025,595
HR,Croatia,M,Males,Y_LT14,Less than 14 years,2021,0
HR,Croatia,M,Males,Y_LT14,Less than 14 years,2022,0
HR,Croatia,M,Males,Y_LT14,Less than 14 years,2023,0
HR,Croatia,M,Males,Y_LT14,Less than 14 years,2024,0
HR,Croatia,M,Males,Y_LT14,Less than 14 years,2025,0
HU,Hungary,M,Males,Y_LT14,Less than 14 years,2021,0
HU,Hungary,M,Males,Y_LT14,Less than 14 years,2022,0
HU,Hungary,M,Males,Y_LT14,Less than 14 years,2023,0
HU,Hungary,M,Males,Y_LT14,Less than 14 years,2024,0
HU,Hungary,M,Males,Y_LT14,Less than 14 years,2025,0
IE,Ireland,M,Males,Y_LT14,Less than 14 years,2021,85
IE,Ireland,M,Males,Y_LT14,Less than 14 years,2022,80
IE,Ireland,M,Males,Y_LT14,Less than 14 years,2023,30
IE,Ireland,M,Males,Y_LT14,Less than 14 years,2024,50
IE,Ireland,M,Males,Y_LT14,Less than 14 years,2025,60
IS,Iceland,M,Males,Y_LT14,Less than 14 years,2021,5
IS,Iceland,M,Males,Y_LT14,Less than 14 years,2022,0
IS,Iceland,M,Males,Y_LT14,Less than 14 years,2023,5
IS,Iceland,M,Males,Y_LT14,Less than 14 years,2024,0
IS,Iceland,M,Males,Y_LT14,Less than 14 years,2025,0
IT,Italy,M,Males,Y_LT14,Less than 14 years,2021,855
IT,Italy,M,Males,Y_LT14,Less than 14 years,2022,195
IT,Italy,M,Males,Y_LT14,Less than 14 years,2023,255
IT,Italy,M,Males,Y_LT14,Less than 14 years,2024,230
IT,Italy,M,Males,Y_LT14,Less than 14 years,2025,130
LI,Liechtenstein,M,Males,Y_LT14,Less than 14 years,2021,0
LI,Liechtenstein,M,Males,Y_LT14,Less than 14 years,2022,0
LI,Liechtenstein,M,Males,Y_LT14,Less than 14 years,2023,0
LI,Liechtenstein,M,Males,Y_LT14,Less than 14 years,2024,0
LI,Liechtenstein,M,Males,Y_LT14,Less than 14 years,2025,0
LT,Lithuania,M,Males,Y_LT14,Less than 14 years,2021,5
LT,Lithuania,M,Males,Y_LT14,Less than 14 years,2022,0
LT,Lithuania,M,Males,Y_LT14,Less than 14 years,2023,0
LT,Lithuania,M,Males,Y_LT14,Less than 14 years,2024,0
LT,Lithuania,M,Males,Y_LT14,Less than 14 years,2025,0
LU,Luxembourg,M,Males,Y_LT14,Less than 14 years,2021,0
LU,Luxembourg,M,Males,Y_LT14,Less than 14 years,2022,0
LU,Luxembourg,M,Males,Y_LT14,Less than 14 years,2023,0
LU,Luxembourg,M,Males,Y_LT14,Less than 14 years,2024,0
LU,Luxembourg,M,Males,Y_LT14,Less than 14 years,2025,0
LV,Latvia,M,Males,Y_LT14,Less than 14 years,2021,0
LV,Latvia,M,Males,Y_LT14,Less than 14 years,2022,0
LV,Latvia,M,Males,Y_LT14,Less than 14 years,2023,0
LV,Latvia,M,Males,Y_LT14,Less than 14 years,2024,0
LV,Latvia,M,Males,Y_LT14,Less than 14 years,2025,0
MT,Malta,M,Males,Y_LT14,Less than 14 years,2021,0
MT,Malta,M,Males,Y_LT14,Less than 14 years,2022,0
MT,Malta,M,Males,Y_LT14,Less than 14 years,2023,0
MT,Malta,M,Males,Y_LT14,Less than 14 years,2024,0
MT,Malta,M,Males,Y_LT14,Less than 14 years,2025,0
NL,Netherlands,M,Males,Y_LT14,Less than 14 years,2021,70
NL,Netherlands,M,Males,Y_LT14,Less than 14 years,2022,270
NL,Netherlands,M,Males,Y_LT14,Less than 14 years,2023,180
NL,Netherlands,M,Males,Y_LT14,Less than 14 years,2024,135
NL,Netherlands,M,Males,Y_LT14,Less than 14 years,2025,95
NO,Norway,M,Males,Y_LT14,Less than 14 years,2021,860
NO,Norway,M,Males,Y_LT14,Less than 14 years,2022,745
NO,Norway,M,Males,Y_LT14,Less than 14 years,2023,560
NO,Norway,M,Males,Y_LT14,Less than 14 years,2024,345
NO,Norway,M,Males,Y_LT14,Less than 14 years,2025,155
PL,Poland,M,Males,Y_LT14,Less than 14 years,2021,0
PL,Poland,M,Males,Y_LT14,Less than 14 years,2022,0
PL,Poland,M,Males,Y_LT14,Less than 14 years,2023,0
PL,Poland,M,Males,Y_LT14,Less than 14 years,2024,0
PL,Poland,M,Males,Y_LT14,Less than 14 years,2025,0
PT,Portugal,M,Males,Y_LT14,Less than 14 years,2021,0
PT,Portugal,M,Males,Y_LT14,Less than 14 years,2022,0
PT,Portugal,M,Males,Y_LT14,Less than 14 years,2023,0
PT,Portugal,M,Males,Y_LT14,Less than 14 years,2024,0
PT,Portugal,M,Males,Y_LT14,Less than 14 years,2025,45
RO,Romania,M,Males,Y_LT14,Less than 14 years,2021,15
RO,Romania,M,Males,Y_LT14,Less than 14 years,2022,20
RO,Romania,M,Males,Y_LT14,Less than 14 years,2023,40
RO,Romania,M,Males,Y_LT14,Less than 14 years,2024,0
RO,Romania,M,Males,Y_LT14,Less than 14 years,2025,45
SE,Sweden,M,Males,Y_LT14,Less than 14 years,2021,1360
SE,Sweden,M,Males,Y_LT14,Less than 14 years,2022,1005
SE,Sweden,M,Males,Y_LT14,Less than 14 years,2023,90
SE,Sweden,M,Males,Y_LT14,Less than 14 years,2024,180
SE,Sweden,M,Males,Y_LT14,Less than 14 years,2025,155
SI,Slovenia,M,Males,Y_LT14,Less than 14 years,2021,0
SI,Slovenia,M,Males,Y_LT14,Less than 14 years,2022,0
SI,Slovenia,M,Males,Y_LT14,Less than 14 years,2023,5
SI,Slovenia,M,Males,Y_LT14,Less than 14 years,2024,5
SI,Slovenia,M,Males,Y_LT14,Less than 14 years,2025,0
SK,Slovakia,M,Males,Y_LT14,Less than 14 years,2021,0
SK,Slovakia,M,Males,Y_LT14,Less than 14 years,2022,0
SK,Slovakia,M,Males,Y_LT14,Less than 14 years,2023,0
SK,Slovakia,M,Males,Y_LT14,Less than 14 years,2024,0
SK,Slovakia,M,Males,Y_LT14,Less than 14 years,2025,0
AT,Austria,M,Males,Y_LT18,Less than 18 years,2021,0
AT,Austria,M,Males,Y_LT18,Less than 18 years,2022,0
AT,Austria,M,Males,Y_LT18,Less than 18 years,2023,0
AT,Austria,M,Males,Y_LT18,Less than 18 years,2024,0
AT,Austria,M,Males,Y_LT18,Less than 18 years,2025,0
BE,Belgium,M,Males,Y_LT18,Less than 18 years,2021,265
BE,Belgium,M,Males,Y_LT18,Less than 18 years,2022,25
BE,Belgium,M,Males,Y_LT18,Less than 18 years,2023,55
BE,Belgium,M,Males,Y_LT18,Less than 18 years,2024,115
BE,Belgium,M,Males,Y_LT18,Less than 18 years,2025,5
BG,Bulgaria,M,Males,Y_LT18,Less than 18 years,2021,0
BG,Bulgaria,M,Males,Y_LT18,Less than 18 years,2022,0
BG,Bulgaria,M,Males,Y_LT18,Less than 18 years,2023,0
BG,Bulgaria,M,Males,Y_LT18,Less than 18 years,2024,5
BG,Bulgaria,M,Males,Y_LT18,Less than 18 years,2025,5
CH,Switzerland,M,Males,Y_LT18,Less than 18 years,2021,280
CH,Switzerland,M,Males,Y_LT18,Less than 18 years,2022,175
CH,Switzerland,M,Males,Y_LT18,Less than 18 years,2023,95
CH,Switzerland,M,Males,Y_LT18,Less than 18 years,2024,0
CH,Switzerland,M,Males,Y_LT18,Less than 18 years,2025,15
CY,Cyprus,M,Males,Y_LT18,Less than 18 years,2021,0
CY,Cyprus,M,Males,Y_LT18,Less than 18 years,2022,0
CY,Cyprus,M,Males,Y_LT18,Less than 18 years,2023,0
CY,Cyprus,M,Males,Y_LT18,Less than 18 years,2024,0
CY,Cyprus,M,Males,Y_LT18,Less than 18 years,2025,0
CZ,Czechia,M,Males,Y_LT18,Less than 18 years,2021,0
CZ,Czechia,M,Males,Y_LT18,Less than 18 years,2022,0
CZ,Czechia,M,Males,Y_LT18,Less than 18 years,2023,0
CZ,Czechia,M,Males,Y_LT18,Less than 18 years,2024,0
CZ,Czechia,M,Males,Y_LT18,Less than 18 years,2025,0
DE,Germany,M,Males,Y_LT18,Less than 18 years,2021,1470
DE,Germany,M,Males,Y_LT18,Less than 18 years,2022,1300
DE,Germany,M,Males,Y_LT18,Less than 18 years,2023,1235
DE,Germany,M,Males,Y_LT18,Less than 18 years,2024,1455
DE,Germany,M,Males,Y_LT18,Less than 18 years,2025,515
DK,Denmark,M,Males,Y_LT18,Less than 18 years,2021,15
DK,Denmark,M,Males,Y_LT18,Less than 18 years,2022,45
DK,Denmark,M,Males,Y_LT18,Less than 18 years,2023,45
DK,Denmark,M,Males,Y_LT18,Less than 18 years,2024,10
DK,Denmark,M,Males,Y_LT18,Less than 18 years,2025,100
EE,Estonia,M,Males,Y_LT18,Less than 18 years,2021,0
EE,Estonia,M,Males,Y_LT18,Less than 18 years,2022,0
EE,Estonia,M,Males,Y_LT18,Less than 18 years,2023,0
EE,Estonia,M,Males,Y_LT18,Less than 18 years,2024,0
EE,Estonia,M,Males,Y_LT18,Less than 18 years,2025,0
EL,Greece,M,Males,Y_LT18,Less than 18 years,2021,0
EL,Greece,M,Males,Y_LT18,Less than 18 years,2022,0
EL,Greece,M,Males,Y_LT18,Less than 18 years,2023,0
EL,Greece,M,Males,Y_LT18,Less than 18 years,2024,0
EL,Greece,M,Males,Y_LT18,Less than 18 years,2025,0
ES,Spain,M,Males,Y_LT18,Less than 18 years,2021,135
ES,Spain,M,Males,Y_LT18,Less than 18 years,2022,320
ES,Spain,M,Males,Y_LT18,Less than 18 years,2023,305
ES,Spain,M,Males,Y_LT18,Less than 18 years,2024,200
ES,Spain,M,Males,Y_LT18,Less than 18 years,2025,180
EU27_2020,European Union - 27 countries (from 2020),M,Males,Y_LT18,Less than 18 years,2021,5690
EU27_2020,European Union - 27 countries (from 2020),M,Males,Y_LT18,Less than 18 years,2022,4830
EU27_2020,European Union - 27 countries (from 2020),M,Males,Y_LT18,Less than 18 years,2023,3490
EU27_2020,European Union - 27 countries (from 2020),M,Males,Y_LT18,Less than 18 years,2024,3330
EU27_2020,European Union - 27 countries (from 2020),M,Males,Y_LT18,Less than 18 years,2025,2420
FI,Finland,M,Males,Y_LT18,Less than 18 years,2021,215
FI,Finland,M,Males,Y_LT18,Less than 18 years,2022,270
FI,Finland,M,Males,Y_LT18,Less than 18 years,2023,325
FI,Finland,M,Males,Y_LT18,Less than 18 years,2024,230
FI,Finland,M,Males,Y_LT18,Less than 18 years,2025,125
FR,France,M,Males,Y_LT18,Less than 18 years,2021,495
FR,France,M,Males,Y_LT18,Less than 18 years,2022,875
FR,France,M,Males,Y_LT18,Less than 18 years,2023,785
FR,France,M,Males,Y_LT18,Less than 18 years,2024,575
FR,France,M,Males,Y_LT18,Less than 18 years,2025,790
HR,Croatia,M,Males,Y_LT18,Less than 18 years,2021,0
HR,Croatia,M,Males,Y_LT18,Less than 18 years,2022,0
HR,Croatia,M,Males,Y_LT18,Less than 18 years,2023,0
HR,Croatia,M,Males,Y_LT18,Less than 18 years,2024,0
HR,Croatia,M,Males,Y_LT18,Less than 18 years,2025,0
HU,Hungary,M,Males,Y_LT18,Less than 18 years,2021,0
HU,Hungary,M,Males,Y_LT18,Less than 18 years,2022,0
HU,Hungary,M,Males,Y_LT18,Less than 18 years,2023,0
HU,Hungary,M,Males,Y_LT18,Less than 18 years,2024,0
HU,Hungary,M,Males,Y_LT18,Less than 18 years,2025,0
IE,Ireland,M,Males,Y_LT18,Less than 18 years,2021,100
IE,Ireland,M,Males,Y_LT18,Less than 18 years,2022,100
IE,Ireland,M,Males,Y_LT18,Less than 18 years,2023,35
IE,Ireland,M,Males,Y_LT18,Less than 18 years,2024,55
IE,Ireland,M,Males,Y_LT18,Less than 18 years,2025,80
IS,Iceland,M,Males,Y_LT18,Less than 18 years,2021,10
IS,Iceland,M,Males,Y_LT18,Less than 18 years,2022,0
IS,Iceland,M,Males,Y_LT18,Less than 18 years,2023,10
IS,Iceland,M,Males,Y_LT18,Less than 18 years,2024,0
IS,Iceland,M,Males,Y_LT18,Less than 18 years,2025,0
IT,Italy,M,Males,Y_LT18,Less than 18 years,2021,1130
IT,Italy,M,Males,Y_LT18,Less than 18 years,2022,230
IT,Italy,M,Males,Y_LT18,Less than 18 years,2023,305
IT,Italy,M,Males,Y_LT18,Less than 18 years,2024,275
IT,Italy,M,Males,Y_LT18,Less than 18 years,2025,170
LI,Liechtenstein,M,Males,Y_LT18,Less than 18 years,2021,0
LI,Liechtenstein,M,Males,Y_LT18,Less than 18 years,2022,0
LI,Liechtenstein,M,Males,Y_LT18,Less than 18 years,2023,0
LI,Liechtenstein,M,Males,Y_LT18,Less than 18 years,2024,0
LI,Liechtenstein,M,Males,Y_LT18,Less than 18 years,2025,0
LT,Lithuania,M,Males,Y_LT18,Less than 18 years,2021,5
LT,Lithuania,M,Males,Y_LT18,Less than 18 years,2022,0
LT,Lithuania,M,Males,Y_LT18,Less than 18 years,2023,0
LT,Lithuania,M,Males,Y_LT18,Less than 18 years,2024,0
LT,Lithuania,M,Males,Y_LT18,Less than 18 years,2025,0
LU,Luxembourg,M,Males,Y_LT18,Less than 18 years,2021,0
LU,Luxembourg,M,Males,Y_LT18,Less than 18 years,2022,0
LU,Luxembourg,M,Males,Y_LT18,Less than 18 years,2023,0
LU,Luxembourg,M,Males,Y_LT18,Less than 18 years,2024,0
LU,Luxembourg,M,Males,Y_LT18,Less than 18 years,2025,0
LV,Latvia,M,Males,Y_LT18,Less than 18 years,2021,0
LV,Latvia,M,Males,Y_LT18,Less than 18 years,2022,0
LV,Latvia,M,Males,Y_LT18,Less than 18 years,2023,0
LV,Latvia,M,Males,Y_LT18,Less than 18 years,2024,0
LV,Latvia,M,Males,Y_LT18,Less than 18 years,2025,0
MT,Malta,M,Males,Y_LT18,Less than 18 years,2021,0
MT,Malta,M,Males,Y_LT18,Less than 18 years,2022,0
MT,Malta,M,Males,Y_LT18,Less than 18 years,2023,0
MT,Malta,M,Males,Y_LT18,Less than 18 years,2024,0
MT,Malta,M,Males,Y_LT18,Less than 18 years,2025,0
NL,Netherlands,M,Males,Y_LT18,Less than 18 years,2021,105
NL,Netherlands,M,Males,Y_LT18,Less than 18 years,2022,340
NL,Netherlands,M,Males,Y_LT18,Less than 18 years,2023,225
NL,Netherlands,M,Males,Y_LT18,Less than 18 years,2024,195
NL,Netherlands,M,Males,Y_LT18,Less than 18 years,2025,125
NO,Norway,M,Males,Y_LT18,Less than 18 years,2021,1035
NO,Norway,M,Males,Y_LT18,Less than 18 years,2022,900
NO,Norway,M,Males,Y_LT18,Less than 18 years,2023,680
NO,Norway,M,Males,Y_LT18,Less than 18 years,2024,410
NO,Norway,M,Males,Y_LT18,Less than 18 years,2025,180
PL,Poland,M,Males,Y_LT18,Less than 18 years,2021,0
PL,Poland,M,Males,Y_LT18,Less than 18 years,2022,0
PL,Poland,M,Males,Y_LT18,Less than 18 years,2023,0
PL,Poland,M,Males,Y_LT18,Less than 18 years,2024,0
PL,Poland,M,Males,Y_LT18,Less than 18 years,2025,0
PT,Portugal,M,Males,Y_LT18,Less than 18 years,2021,0
PT,Portugal,M,Males,Y_LT18,Less than 18 years,2022,0
PT,Portugal,M,Males,Y_LT18,Less than 18 years,2023,0
PT,Portugal,M,Males,Y_LT18,Less than 18 years,2024,0
PT,Portugal,M,Males,Y_LT18,Less than 18 years,2025,60
RO,Romania,M,Males,Y_LT18,Less than 18 years,2021,25
RO,Romania,M,Males,Y_LT18,Less than 18 years,2022,25
RO,Romania,M,Males,Y_LT18,Less than 18 years,2023,50
RO,Romania,M,Males,Y_LT18,Less than 18 years,2024,0
RO,Romania,M,Males,Y_LT18,Less than 18 years,2025,55
SE,Sweden,M,Males,Y_LT18,Less than 18 years,2021,1725
SE,Sweden,M,Males,Y_LT18,Less than 18 years,2022,1300
SE,Sweden,M,Males,Y_LT18,Less than 18 years,2023,115
SE,Sweden,M,Males,Y_LT18,Less than 18 years,2024,210
SE,Sweden,M,Males,Y_LT18,Less than 18 years,2025,205
SI,Slovenia,M,Males,Y_LT18,Less than 18 years,2021,0
SI,Slovenia,M,Males,Y_LT18,Less than 18 years,2022,0
SI,Slovenia,M,Males,Y_LT18,Less than 18 years,2023,5
SI,Slovenia,M,Males,Y_LT18,Less than 18 years,2024,10
SI,Slovenia,M,Males,Y_LT18,Less than 18 years,2025,0
SK,Slovakia,M,Males,Y_LT18,Less than 18 years,2021,0
SK,Slovakia,M,Males,Y_LT18,Less than 18 years,2022,0
SK,Slovakia,M,Males,Y_LT18,Less than 18 years,2023,0
SK,Slovakia,M,Males,Y_LT18,Less than 18 years,2024,0
SK,Slovakia,M,Males,Y_LT18,Less than 18 years,2025,0
AT,Austria,T,Total,TOTAL,Total,2021,0
AT,Austria,T,Total,TOTAL,Total,2022,0
AT,Austria,T,Total,TOTAL,Total,2023,0
AT,Austria,T,Total,TOTAL,Total,2024,0
AT,Austria,T,Total,TOTAL,Total,2025,0
BE,Belgium,T,Total,TOTAL,Total,2021,950
BE,Belgium,T,Total,TOTAL,Total,2022,80
BE,Belgium,T,Total,TOTAL,Total,2023,285
BE,Belgium,T,Total,TOTAL,Total,2024,485
BE,Belgium,T,Total,TOTAL,Total,2025,45
BG,Bulgaria,T,Total,TOTAL,Total,2021,0
BG,Bulgaria,T,Total,TOTAL,Total,2022,0
BG,Bulgaria,T,Total,TOTAL,Total,2023,10
BG,Bulgaria,T,Total,TOTAL,Total,2024,10
BG,Bulgaria,T,Total,TOTAL,Total,2025,15
CH,Switzerland,T,Total,TOTAL,Total,2021,1050
CH,Switzerland,T,Total,TOTAL,Total,2022,610
CH,Switzerland,T,Total,TOTAL,Total,2023,375
CH,Switzerland,T,Total,TOTAL,Total,2024,0
CH,Switzerland,T,Total,TOTAL,Total,2025,50
CY,Cyprus,T,Total,TOTAL,Total,2021,0
CY,Cyprus,T,Total,TOTAL,Total,2022,0
CY,Cyprus,T,Total,TOTAL,Total,2023,0
CY,Cyprus,T,Total,TOTAL,Total,2024,0
CY,Cyprus,T,Total,TOTAL,Total,2025,0
CZ,Czechia,T,Total,TOTAL,Total,2021,0
CZ,Czechia,T,Total,TOTAL,Total,2022,0
CZ,Czechia,T,Total,TOTAL,Total,2023,0
CZ,Czechia,T,Total,TOTAL,Total,2024,0
CZ,Czechia,T,Total,TOTAL,Total,2025,0
DE,Germany,T,Total,TOTAL,Total,2021,5395
DE,Germany,T,Total,TOTAL,Total,2022,4775
DE,Germany,T,Total,TOTAL,Total,2023,4975
DE,Germany,T,Total,TOTAL,Total,2024,5720
DE,Germany,T,Total,TOTAL,Total,2025,2230
DK,Denmark,T,Total,TOTAL,Total,2021,55
DK,Denmark,T,Total,TOTAL,Total,2022,150
DK,Denmark,T,Total,TOTAL,Total,2023,150
DK,Denmark,T,Total,TOTAL,Total,2024,40
DK,Denmark,T,Total,TOTAL,Total,2025,360
EE,Estonia,T,Total,TOTAL,Total,2021,0
EE,Estonia,T,Total,TOTAL,Total,2022,0
EE,Estonia,T,Total,TOTAL,Total,2023,0
EE,Estonia,T,Total,TOTAL,Total,2024,0
EE,Estonia,T,Total,TOTAL,Total,2025,0
EL,Greece,T,Total,TOTAL,Total,2021,0
EL,Greece,T,Total,TOTAL,Total,2022,0
EL,Greece,T,Total,TOTAL,Total,2023,0
EL,Greece,T,Total,TOTAL,Total,2024,0
EL,Greece,T,Total,TOTAL,Total,2025,0
ES,Spain,T,Total,TOTAL,Total,2021,520
ES,Spain,T,Total,TOTAL,Total,2022,1110
ES,Spain,T,Total,TOTAL,Total,2023,1110
ES,Spain,T,Total,TOTAL,Total,2024,740
ES,Spain,T,Total,TOTAL,Total,2025,860
EU27_2020,European Union - 27 countries (from 2020),T,Total,TOTAL,Total,2021,23770
EU27_2020,European Union - 27 countries (from 2020),T,Total,TOTAL,Total,2022,18800
EU27_2020,European Union - 27 countries (from 2020),T,Total,TOTAL,Total,2023,14085
EU27_2020,European Union - 27 countries (from 2020),T,Total,TOTAL,Total,2024,13790
EU27_2020,European Union - 27 countries (from 2020),T,Total,TOTAL,Total,2025,10220
FI,Finland,T,Total,TOTAL,Total,2021,890
FI,Finland,T,Total,TOTAL,Total,2022,1100
FI,Finland,T,Total,TOTAL,Total,2023,1330
FI,Finland,T,Total,TOTAL,Total,2024,810
FI,Finland,T,Total,TOTAL,Total,2025,620
FR,France,T,Total,TOTAL,Total,2021,1935
FR,France,T,Total,TOTAL,Total,2022,3200
FR,France,T,Total,TOTAL,Total,2023,2900
FR,France,T,Total,TOTAL,Total,2024,2370
FR,France,T,Total,TOTAL,Total,2025,3055
HR,Croatia,T,Total,TOTAL,Total,2021,0
HR,Croatia,T,Total,TOTAL,Total,2022,0
HR,Croatia,T,Total,TOTAL,Total,2023,0
HR,Croatia,T,Total,TOTAL,Total,2024,0
HR,Croatia,T,Total,TOTAL,Total,2025,0
HU,Hungary,T,Total,TOTAL,Total,2021,0
HU,Hungary,T,Total,TOTAL,Total,2022,0
HU,Hungary,T,Total,TOTAL,Total,2023,0
HU,Hungary,T,Total,TOTAL,Total,2024,0
HU,Hungary,T,Total,TOTAL,Total,2025,0
IE,Ireland,T,Total,TOTAL,Total,2021,470
IE,Ireland,T,Total,TOTAL,Total,2022,365
IE,Ireland,T,Total,TOTAL,Total,2023,130
IE,Ireland,T,Total,TOTAL,Total,2024,200
IE,Ireland,T,Total,TOTAL,Total,2025,290
IS,Iceland,T,Total,TOTAL,Total,2021,35
IS,Iceland,T,Total,TOTAL,Total,2022,0
IS,Iceland,T,Total,TOTAL,Total,2023,20
IS,Iceland,T,Total,TOTAL,Total,2024,5
IS,Iceland,T,Total,TOTAL,Total,2025,0
IT,Italy,T,Total,TOTAL,Total,2021,6565
IT,Italy,T,Total,TOTAL,Total,2022,1530
IT,Italy,T,Total,TOTAL,Total,2023,1645
IT,Italy,T,Total,TOTAL,Total,2024,1735
IT,Italy,T,Total,TOTAL,Total,2025,915
LI,Liechtenstein,T,Total,TOTAL,Total,2021,0
LI,Liechtenstein,T,Total,TOTAL,Total,2022,0
LI,Liechtenstein,T,Total,TOTAL,Total,2023,0
LI,Liechtenstein,T,Total,TOTAL,Total,2024,0
LI,Liechtenstein,T,Total,TOTAL,Total,2025,0
LT,Lithuania,T,Total,TOTAL,Total,2021,15
LT,Lithuania,T,Total,TOTAL,Total,2022,0
LT,Lithuania,T,Total,TOTAL,Total,2023,0
LT,Lithuania,T,Total,TOTAL,Total,2024,0
LT,Lithuania,T,Total,TOTAL,Total,2025,0
LU,Luxembourg,T,Total,TOTAL,Total,2021,0
LU,Luxembourg,T,Total,TOTAL,Total,2022,0
LU,Luxembourg,T,Total,TOTAL,Total,2023,0
LU,Luxembourg,T,Total,TOTAL,Total,2024,0
LU,Luxembourg,T,Total,TOTAL,Total,2025,0
LV,Latvia,T,Total,TOTAL,Total,2021,0
LV,Latvia,T,Total,TOTAL,Total,2022,0
LV,Latvia,T,Total,TOTAL,Total,2023,0
LV,Latvia,T,Total,TOTAL,Total,2024,0
LV,Latvia,T,Total,TOTAL,Total,2025,0
MT,Malta,T,Total,TOTAL,Total,2021,0
MT,Malta,T,Total,TOTAL,Total,2022,0
MT,Malta,T,Total,TOTAL,Total,2023,0
MT,Malta,T,Total,TOTAL,Total,2024,0
MT,Malta,T,Total,TOTAL,Total,2025,0
NL,Netherlands,T,Total,TOTAL,Total,2021,470
NL,Netherlands,T,Total,TOTAL,Total,2022,1405
NL,Netherlands,T,Total,TOTAL,Total,2023,830
NL,Netherlands,T,Total,TOTAL,Total,2024,750
NL,Netherlands,T,Total,TOTAL,Total,2025,530
NO,Norway,T,Total,TOTAL,Total,2021,3660
NO,Norway,T,Total,TOTAL,Total,2022,3125
NO,Norway,T,Total,TOTAL,Total,2023,2250
NO,Norway,T,Total,TOTAL,Total,2024,1490
NO,Norway,T,Total,TOTAL,Total,2025,685
PL,Poland,T,Total,TOTAL,Total,2021,0
PL,Poland,T,Total,TOTAL,Total,2022,0
PL,Poland,T,Total,TOTAL,Total,2023,0
PL,Poland,T,Total,TOTAL,Total,2024,0
PL,Poland,T,Total,TOTAL,Total,2025,0
PT,Portugal,T,Total,TOTAL,Total,2021,15
PT,Portugal,T,Total,TOTAL,Total,2022,0
PT,Portugal,T,Total,TOTAL,Total,2023,0
PT,Portugal,T,Total,TOTAL,Total,2024,0
PT,Portugal,T,Total,TOTAL,Total,2025,260
RO,Romania,T,Total,TOTAL,Total,2021,75
RO,Romania,T,Total,TOTAL,Total,2022,90
RO,Romania,T,Total,TOTAL,Total,2023,155
RO,Romania,T,Total,TOTAL,Total,2024,0
RO,Romania,T,Total,TOTAL,Total,2025,140
SE,Sweden,T,Total,TOTAL,Total,2021,6415
SE,Sweden,T,Total,TOTAL,Total,2022,4995
SE,Sweden,T,Total,TOTAL,Total,2023,540
SE,Sweden,T,Total,TOTAL,Total,2024,905
SE,Sweden,T,Total,TOTAL,Total,2025,900
SI,Slovenia,T,Total,TOTAL,Total,2021,0
SI,Slovenia,T,Total,TOTAL,Total,2022,0
SI,Slovenia,T,Total,TOTAL,Total,2023,25
SI,Slovenia,T,Total,TOTAL,Total,2024,25
SI,Slovenia,T,Total,TOTAL,Total,2025,0
SK,Slovakia,T,Total,TOTAL,Total,2021,0
SK,Slovakia,T,Total,TOTAL,Total,2022,0
SK,Slovakia,T,Total,TOTAL,Total,2023,0
SK,Slovakia,T,Total,TOTAL,Total,2024,0
SK,Slovakia,T,Total,TOTAL,Total,2025,0
AT,Austria,T,Total,UNK,Unknown,2021,0
AT,Austria,T,Total,UNK,Unknown,2022,0
AT,Austria,T,Total,UNK,Unknown,2023,0
AT,Austria,T,Total,UNK,Unknown,2024,0
AT,Austria,T,Total,UNK,Unknown,2025,0
BE,Belgium,T,Total,UNK,Unknown,2021,0
BE,Belgium,T,Total,UNK,Unknown,2022,0
BE,Belgium,T,Total,UNK,Unknown,2023,0
BE,Belgium,T,Total,UNK,Unknown,2024,0
BE,Belgium,T,Total,UNK,Unknown,2025,0
BG,Bulgaria,T,Total,UNK,Unknown,2021,0
BG,Bulgaria,T,Total,UNK,Unknown,2022,0
BG,Bulgaria,T,Total,UNK,Unknown,2023,0
BG,Bulgaria,T,Total,UNK,Unknown,2024,0
BG,Bulgaria,T,Total,UNK,Unknown,2025,0
CH,Switzerland,T,Total,UNK,Unknown,2021,0
CH,Switzerland,T,Total,UNK,Unknown,2022,0
CH,Switzerland,T,Total,UNK,Unknown,2023,0
CH,Switzerland,T,Total,UNK,Unknown,2024,0
CH,Switzerland,T,Total,UNK,Unknown,2025,0
CY,Cyprus,T,Total,UNK,Unknown,2021,0
CY,Cyprus,T,Total,UNK,Unknown,2022,0
CY,Cyprus,T,Total,UNK,Unknown,2023,0
CY,Cyprus,T,Total,UNK,Unknown,2024,0
CY,Cyprus,T,Total,UNK,Unknown,2025,0
CZ,Czechia,T,Total,UNK,Unknown,2021,0
CZ,Czechia,T,Total,UNK,Unknown,2022,0
CZ,Czechia,T,Total,UNK,Unknown,2023,0
CZ,Czechia,T,Total,UNK,Unknown,2024,0
CZ,Czechia,T,Total,UNK,Unknown,2025,0
DE,Germany,T,Total,UNK,Unknown,2021,0
DE,Germany,T,Total,UNK,Unknown,2022,0
DE,Germany,T,Total,UNK,Unknown,2023,0
DE,Germany,T,Total,UNK,Unknown,2024,0
DE,Germany,T,Total,UNK,Unknown,2025,0
DK,Denmark,T,Total,UNK,Unknown,2021,0
DK,Denmark,T,Total,UNK,Unknown,2022,0
DK,Denmark,T,Total,UNK,Unknown,2023,0
DK,Denmark,T,Total,UNK,Unknown,2024,0
DK,Denmark,T,Total,UNK,Unknown,2025,0
EE,Estonia,T,Total,UNK,Unknown,2021,0
EE,Estonia,T,Total,UNK,Unknown,2022,0
EE,Estonia,T,Total,UNK,Unknown,2023,0
EE,Estonia,T,Total,UNK,Unknown,2024,0
EE,Estonia,T,Total,UNK,Unknown,2025,0
EL,Greece,T,Total,UNK,Unknown,2021,0
EL,Greece,T,Total,UNK,Unknown,2022,0
EL,Greece,T,Total,UNK,Unknown,2023,0
EL,Greece,T,Total,UNK,Unknown,2024,0
EL,Greece,T,Total,UNK,Unknown,2025,0
ES,Spain,T,Total,UNK,Unknown,2021,0
ES,Spain,T,Total,UNK,Unknown,2022,0
ES,Spain,T,Total,UNK,Unknown,2023,0
ES,Spain,T,Total,UNK,Unknown,2024,0
ES,Spain,T,Total,UNK,Unknown,2025,0
EU27_2020,European Union - 27 countries (from 2020),T,Total,UNK,Unknown,2021,5
EU27_2020,European Union - 27 countries (from 2020),T,Total,UNK,Unknown,2022,0
EU27_2020,European Union - 27 countries (from 2020),T,Total,UNK,Unknown,2023,0
EU27_2020,European Union - 27 countries (from 2020),T,Total,UNK,Unknown,2024,0
EU27_2020,European Union - 27 countries (from 2020),T,Total,UNK,Unknown,2025,0
FI,Finland,T,Total,UNK,Unknown,2021,0
FI,Finland,T,Total,UNK,Unknown,2022,0
FI,Finland,T,Total,UNK,Unknown,2023,0
FI,Finland,T,Total,UNK,Unknown,2024,0
FI,Finland,T,Total,UNK,Unknown,2025,0
FR,France,T,Total,UNK,Unknown,2021,0
FR,France,T,Total,UNK,Unknown,2022,0
FR,France,T,Total,UNK,Unknown,2023,0
FR,France,T,Total,UNK,Unknown,2024,0
FR,France,T,Total,UNK,Unknown,2025,0
HR,Croatia,T,Total,UNK,Unknown,2021,0
HR,Croatia,T,Total,UNK,Unknown,2022,0
HR,Croatia,T,Total,UNK,Unknown,2023,0
HR,Croatia,T,Total,UNK,Unknown,2024,0
HR,Croatia,T,Total,UNK,Unknown,2025,0
HU,Hungary,T,Total,UNK,Unknown,2021,0
HU,Hungary,T,Total,UNK,Unknown,2022,0
HU,Hungary,T,Total,UNK,Unknown,2023,0
HU,Hungary,T,Total,UNK,Unknown,2024,0
HU,Hungary,T,Total,UNK,Unknown,2025,0
IE,Ireland,T,Total,UNK,Unknown,2021,0
IE,Ireland,T,Total,UNK,Unknown,2022,0
IE,Ireland,T,Total,UNK,Unknown,2023,0
IE,Ireland,T,Total,UNK,Unknown,2024,0
IE,Ireland,T,Total,UNK,Unknown,2025,0
IS,Iceland,T,Total,UNK,Unknown,2021,0
IS,Iceland,T,Total,UNK,Unknown,2022,0
IS,Iceland,T,Total,UNK,Unknown,2023,0
IS,Iceland,T,Total,UNK,Unknown,2024,0
IS,Iceland,T,Total,UNK,Unknown,2025,0
IT,Italy,T,Total,UNK,Unknown,2021,5
IT,Italy,T,Total,UNK,Unknown,2022,0
IT,Italy,T,Total,UNK,Unknown,2023,0
IT,Italy,T,Total,UNK,Unknown,2024,0
IT,Italy,T,Total,UNK,Unknown,2025,0
LI,Liechtenstein,T,Total,UNK,Unknown,2021,0
LI,Liechtenstein,T,Total,UNK,Unknown,2022,0
LI,Liechtenstein,T,Total,UNK,Unknown,2023,0
LI,Liechtenstein,T,Total,UNK,Unknown,2024,0
LI,Liechtenstein,T,Total,UNK,Unknown,2025,0
LT,Lithuania,T,Total,UNK,Unknown,2021,0
LT,Lithuania,T,Total,UNK,Unknown,2022,0
LT,Lithuania,T,Total,UNK,Unknown,2023,0
LT,Lithuania,T,Total,UNK,Unknown,2024,0
LT,Lithuania,T,Total,UNK,Unknown,2025,0
LU,Luxembourg,T,Total,UNK,Unknown,2021,0
LU,Luxembourg,T,Total,UNK,Unknown,2022,0
LU,Luxembourg,T,Total,UNK,Unknown,2023,0
LU,Luxembourg,T,Total,UNK,Unknown,2024,0
LU,Luxembourg,T,Total,UNK,Unknown,2025,0
LV,Latvia,T,Total,UNK,Unknown,2021,0
LV,Latvia,T,Total,UNK,Unknown,2022,0
LV,Latvia,T,Total,UNK,Unknown,2023,0
LV,Latvia,T,Total,UNK,Unknown,2024,0
LV,Latvia,T,Total,UNK,Unknown,2025,0
MT,Malta,T,Total,UNK,Unknown,2021,0
MT,Malta,T,Total,UNK,Unknown,2022,0
MT,Malta,T,Total,UNK,Unknown,2023,0
MT,Malta,T,Total,UNK,Unknown,2024,0
MT,Malta,T,Total,UNK,Unknown,2025,0
NL,Netherlands,T,Total,UNK,Unknown,2021,0
NL,Netherlands,T,Total,UNK,Unknown,2022,0
NL,Netherlands,T,Total,UNK,Unknown,2023,0
NL,Netherlands,T,Total,UNK,Unknown,2024,0
NL,Netherlands,T,Total,UNK,Unknown,2025,0
NO,Norway,T,Total,UNK,Unknown,2021,0
NO,Norway,T,Total,UNK,Unknown,2022,0
NO,Norway,T,Total,UNK,Unknown,2023,0
NO,Norway,T,Total,UNK,Unknown,2024,0
NO,Norway,T,Total,UNK,Unknown,2025,0
PL,Poland,T,Total,UNK,Unknown,2021,0
PL,Poland,T,Total,UNK,Unknown,2022,0
PL,Poland,T,Total,UNK,Unknown,2023,0
PL,Poland,T,Total,UNK,Unknown,2024,0
PL,Poland,T,Total,UNK,Unknown,2025,0
PT,Portugal,T,Total,UNK,Unknown,2021,0
PT,Portugal,T,Total,UNK,Unknown,2022,0
PT,Portugal,T,Total,UNK,Unknown,2023,0
PT,Portugal,T,Total,UNK,Unknown,2024,0
PT,Portugal,T,Total,UNK,Unknown,2025,0
RO,Romania,T,Total,UNK,Unknown,2021,0
RO,Romania,T,Total,UNK,Unknown,2022,0
RO,Romania,T,Total,UNK,Unknown,2023,0
RO,Romania,T,Total,UNK,Unknown,2024,0
RO,Romania,T,Total,UNK,Unknown,2025,0
SE,Sweden,T,Total,UNK,Unknown,2021,0
SE,Sweden,T,Total,UNK,Unknown,2022,0
SE,Sweden,T,Total,UNK,Unknown,2023,0
SE,Sweden,T,Total,UNK,Unknown,2024,0
SE,Sweden,T,Total,UNK,Unknown,2025,0
SI,Slovenia,T,Total,UNK,Unknown,2021,0
SI,Slovenia,T,Total,UNK,Unknown,2022,0
SI,Slovenia,T,Total,UNK,Unknown,2023,0
SI,Slovenia,T,Total,UNK,Unknown,2024,0
SI,Slovenia,T,Total,UNK,Unknown,2025,0
SK,Slovakia,T,Total,UNK,Unknown,2021,0
SK,Slovakia,T,Total,UNK,Unknown,2022,0
SK,Slovakia,T,Total,UNK,Unknown,2023,0
SK,Slovakia,T,Total,UNK,Unknown,2024,0
SK,Slovakia,T,Total,UNK,Unknown,2025,0
AT,Austria,T,Total,Y14-17,From 14 to 17 years,2021,0
AT,Austria,T,Total,Y14-17,From 14 to 17 years,2022,0
AT,Austria,T,Total,Y14-17,From 14 to 17 years,2023,0
AT,Austria,T,Total,Y14-17,From 14 to 17 years,2024,0
AT,Austria,T,Total,Y14-17,From 14 to 17 years,2025,0
BE,Belgium,T,Total,Y14-17,From 14 to 17 years,2021,95
BE,Belgium,T,Total,Y14-17,From 14 to 17 years,2022,10
BE,Belgium,T,Total,Y14-17,From 14 to 17 years,2023,25
BE,Belgium,T,Total,Y14-17,From 14 to 17 years,2024,45
BE,Belgium,T,Total,Y14-17,From 14 to 17 years,2025,0
BG,Bulgaria,T,Total,Y14-17,From 14 to 17 years,2021,0
BG,Bulgaria,T,Total,Y14-17,From 14 to 17 years,2022,0
BG,Bulgaria,T,Total,Y14-17,From 14 to 17 years,2023,0
BG,Bulgaria,T,Total,Y14-17,From 14 to 17 years,2024,5
BG,Bulgaria,T,Total,Y14-17,From 14 to 17 years,2025,0
CH,Switzerland,T,Total,Y14-17,From 14 to 17 years,2021,100
CH,Switzerland,T,Total,Y14-17,From 14 to 17 years,2022,65
CH,Switzerland,T,Total,Y14-17,From 14 to 17 years,2023,30
CH,Switzerland,T,Total,Y14-17,From 14 to 17 years,2024,0
CH,Switzerland,T,Total,Y14-17,From 14 to 17 years,2025,0
CY,Cyprus,T,Total,Y14-17,From 14 to 17 years,2021,0
CY,Cyprus,T,Total,Y14-17,From 14 to 17 years,2022,0
CY,Cyprus,T,Total,Y14-17,From 14 to 17 years,2023,0
CY,Cyprus,T,Total,Y14-17,From 14 to 17 years,2024,0
CY,Cyprus,T,Total,Y14-17,From 14 to 17 years,2025,0
CZ,Czechia,T,Total,Y14-17,From 14 to 17 years,2021,0
CZ,Czechia,T,Total,Y14-17,From 14 to 17 years,2022,0
CZ,Czechia,T,Total,Y14-17,From 14 to 17 years,2023,0
CZ,Czechia,T,Total,Y14-17,From 14 to 17 years,2024,0
CZ,Czechia,T,Total,Y14-17,From 14 to 17 years,2025,0
DE,Germany,T,Total,Y14-17,From 14 to 17 years,2021,605
DE,Germany,T,Total,Y14-17,From 14 to 17 years,2022,465
DE,Germany,T,Total,Y14-17,From 14 to 17 years,2023,520
DE,Germany,T,Total,Y14-17,From 14 to 17 years,2024,520
DE,Germany,T,Total,Y14-17,From 14 to 17 years,2025,200
DK,Denmark,T,Total,Y14-17,From 14 to 17 years,2021,10
DK,Denmark,T,Total,Y14-17,From 14 to 17 years,2022,30
DK,Denmark,T,Total,Y14-17,From 14 to 17 years,2023,20
DK,Denmark,T,Total,Y14-17,From 14 to 17 years,2024,5
DK,Denmark,T,Total,Y14-17,From 14 to 17 years,2025,60
EE,Estonia,T,Total,Y14-17,From 14 to 17 years,2021,0
EE,Estonia,T,Total,Y14-17,From 14 to 17 years,2022,0
EE,Estonia,T,Total,Y14-17,From 14 to 17 years,2023,0
EE,Estonia,T,Total,Y14-17,From 14 to 17 years,2024,0
EE,Estonia,T,Total,Y14-17,From 14 to 17 years,2025,0
EL,Greece,T,Total,Y14-17,From 14 to 17 years,2021,0
EL,Greece,T,Total,Y14-17,From 14 to 17 years,2022,0
EL,Greece,T,Total,Y14-17,From 14 to 17 years,2023,0
EL,Greece,T,Total,Y14-17,From 14 to 17 years,2024,0
EL,Greece,T,Total,Y14-17,From 14 to 17 years,2025,0
ES,Spain,T,Total,Y14-17,From 14 to 17 years,2021,35
ES,Spain,T,Total,Y14-17,From 14 to 17 years,2022,95
ES,Spain,T,Total,Y14-17,From 14 to 17 years,2023,135
ES,Spain,T,Total,Y14-17,From 14 to 17 years,2024,55
ES,Spain,T,Total,Y14-17,From 14 to 17 years,2025,80
EU27_2020,European Union - 27 countries (from 2020),T,Total,Y14-17,From 14 to 17 years,2021,2270
EU27_2020,European Union - 27 countries (from 2020),T,Total,Y14-17,From 14 to 17 years,2022,1845
EU27_2020,European Union - 27 countries (from 2020),T,Total,Y14-17,From 14 to 17 years,2023,1505
EU27_2020,European Union - 27 countries (from 2020),T,Total,Y14-17,From 14 to 17 years,2024,1255
EU27_2020,European Union - 27 countries (from 2020),T,Total,Y14-17,From 14 to 17 years,2025,1100
FI,Finland,T,Total,Y14-17,From 14 to 17 years,2021,100
FI,Finland,T,Total,Y14-17,From 14 to 17 years,2022,125
FI,Finland,T,Total,Y14-17,From 14 to 17 years,2023,180
FI,Finland,T,Total,Y14-17,From 14 to 17 years,2024,85
FI,Finland,T,Total,Y14-17,From 14 to 17 years,2025,60
FR,France,T,Total,Y14-17,From 14 to 17 years,2021,195
FR,France,T,Total,Y14-17,From 14 to 17 years,2022,350
FR,France,T,Total,Y14-17,From 14 to 17 years,2023,370
FR,France,T,Total,Y14-17,From 14 to 17 years,2024,210
FR,France,T,Total,Y14-17,From 14 to 17 years,2025,355
HR,Croatia,T,Total,Y14-17,From 14 to 17 years,2021,0
HR,Croatia,T,Total,Y14-17,From 14 to 17 years,2022,0
HR,Croatia,T,Total,Y14-17,From 14 to 17 years,2023,0
HR,Croatia,T,Total,Y14-17,From 14 to 17 years,2024,0
HR,Croatia,T,Total,Y14-17,From 14 to 17 years,2025,0
HU,Hungary,T,Total,Y14-17,From 14 to 17 years,2021,0
HU,Hungary,T,Total,Y14-17,From 14 to 17 years,2022,0
HU,Hungary,T,Total,Y14-17,From 14 to 17 years,2023,0
HU,Hungary,T,Total,Y14-17,From 14 to 17 years,2024,0
HU,Hungary,T,Total,Y14-17,From 14 to 17 years,2025,0
IE,Ireland,T,Total,Y14-17,From 14 to 17 years,2021,25
IE,Ireland,T,Total,Y14-17,From 14 to 17 years,2022,30
IE,Ireland,T,Total,Y14-17,From 14 to 17 years,2023,10
IE,Ireland,T,Total,Y14-17,From 14 to 17 years,2024,10
IE,Ireland,T,Total,Y14-17,From 14 to 17 years,2025,35
IS,Iceland,T,Total,Y14-17,From 14 to 17 years,2021,5
IS,Iceland,T,Total,Y14-17,From 14 to 17 years,2022,0
IS,Iceland,T,Total,Y14-17,From 14 to 17 years,2023,5
IS,Iceland,T,Total,Y14-17,From 14 to 17 years,2024,0
IS,Iceland,T,Total,Y14-17,From 14 to 17 years,2025,0
IT,Italy,T,Total,Y14-17,From 14 to 17 years,2021,465
IT,Italy,T,Total,Y14-17,From 14 to 17 years,2022,75
IT,Italy,T,Total,Y14-17,From 14 to 17 years,2023,95
IT,Italy,T,Total,Y14-17,From 14 to 17 years,2024,110
IT,Italy,T,Total,Y14-17,From 14 to 17 years,2025,75
LI,Liechtenstein,T,Total,Y14-17,From 14 to 17 years,2021,0
LI,Liechtenstein,T,Total,Y14-17,From 14 to 17 years,2022,0
LI,Liechtenstein,T,Total,Y14-17,From 14 to 17 years,2023,0
LI,Liechtenstein,T,Total,Y14-17,From 14 to 17 years,2024,0
LI,Liechtenstein,T,Total,Y14-17,From 14 to 17 years,2025,0
LT,Lithuania,T,Total,Y14-17,From 14 to 17 years,2021,5
LT,Lithuania,T,Total,Y14-17,From 14 to 17 years,2022,0
LT,Lithuania,T,Total,Y14-17,From 14 to 17 years,2023,0
LT,Lithuania,T,Total,Y14-17,From 14 to 17 years,2024,0
LT,Lithuania,T,Total,Y14-17,From 14 to 17 years,2025,0
LU,Luxembourg,T,Total,Y14-17,From 14 to 17 years,2021,0
LU,Luxembourg,T,Total,Y14-17,From 14 to 17 years,2022,0
LU,Luxembourg,T,Total,Y14-17,From 14 to 17 years,2023,0
LU,Luxembourg,T,Total,Y14-17,From 14 to 17 years,2024,0
LU,Luxembourg,T,Total,Y14-17,From 14 to 17 years,2025,0
LV,Latvia,T,Total,Y14-17,From 14 to 17 years,2021,0
LV,Latvia,T,Total,Y14-17,From 14 to 17 years,2022,0
LV,Latvia,T,Total,Y14-17,From 14 to 17 years,2023,0
LV,Latvia,T,Total,Y14-17,From 14 to 17 years,2024,0
LV,Latvia,T,Total,Y14-17,From 14 to 17 years,2025,0
MT,Malta,T,Total,Y14-17,From 14 to 17 years,2021,0
MT,Malta,T,Total,Y14-17,From 14 to 17 years,2022,0
MT,Malta,T,Total,Y14-17,From 14 to 17 years,2023,0
MT,Malta,T,Total,Y14-17,From 14 to 17 years,2024,0
MT,Malta,T,Total,Y14-17,From 14 to 17 years,2025,0
NL,Netherlands,T,Total,Y14-17,From 14 to 17 years,2021,60
NL,Netherlands,T,Total,Y14-17,From 14 to 17 years,2022,130
NL,Netherlands,T,Total,Y14-17,From 14 to 17 years,2023,70
NL,Netherlands,T,Total,Y14-17,From 14 to 17 years,2024,105
NL,Netherlands,T,Total,Y14-17,From 14 to 17 years,2025,55
NO,Norway,T,Total,Y14-17,From 14 to 17 years,2021,315
NO,Norway,T,Total,Y14-17,From 14 to 17 years,2022,275
NO,Norway,T,Total,Y14-17,From 14 to 17 years,2023,210
NO,Norway,T,Total,Y14-17,From 14 to 17 years,2024,120
NO,Norway,T,Total,Y14-17,From 14 to 17 years,2025,50
PL,Poland,T,Total,Y14-17,From 14 to 17 years,2021,0
PL,Poland,T,Total,Y14-17,From 14 to 17 years,2022,0
PL,Poland,T,Total,Y14-17,From 14 to 17 years,2023,0
PL,Poland,T,Total,Y14-17,From 14 to 17 years,2024,0
PL,Poland,T,Total,Y14-17,From 14 to 17 years,2025,0
PT,Portugal,T,Total,Y14-17,From 14 to 17 years,2021,0
PT,Portugal,T,Total,Y14-17,From 14 to 17 years,2022,0
PT,Portugal,T,Total,Y14-17,From 14 to 17 years,2023,0
PT,Portugal,T,Total,Y14-17,From 14 to 17 years,2024,0
PT,Portugal,T,Total,Y14-17,From 14 to 17 years,2025,30
RO,Romania,T,Total,Y14-17,From 14 to 17 years,2021,5
RO,Romania,T,Total,Y14-17,From 14 to 17 years,2022,15
RO,Romania,T,Total,Y14-17,From 14 to 17 years,2023,20
RO,Romania,T,Total,Y14-17,From 14 to 17 years,2024,0
RO,Romania,T,Total,Y14-17,From 14 to 17 years,2025,15
SE,Sweden,T,Total,Y14-17,From 14 to 17 years,2021,665
SE,Sweden,T,Total,Y14-17,From 14 to 17 years,2022,525
SE,Sweden,T,Total,Y14-17,From 14 to 17 years,2023,50
SE,Sweden,T,Total,Y14-17,From 14 to 17 years,2024,90
SE,Sweden,T,Total,Y14-17,From 14 to 17 years,2025,125
SI,Slovenia,T,Total,Y14-17,From 14 to 17 years,2021,0
SI,Slovenia,T,Total,Y14-17,From 14 to 17 years,2022,0
SI,Slovenia,T,Total,Y14-17,From 14 to 17 years,2023,5
SI,Slovenia,T,Total,Y14-17,From 14 to 17 years,2024,5
SI,Slovenia,T,Total,Y14-17,From 14 to 17 years,2025,0
SK,Slovakia,T,Total,Y14-17,From 14 to 17 years,2021,0
SK,Slovakia,T,Total,Y14-17,From 14 to 17 years,2022,0
SK,Slovakia,T,Total,Y14-17,From 14 to 17 years,2023,0
SK,Slovakia,T,Total,Y14-17,From 14 to 17 years,2024,0
SK,Slovakia,T,Total,Y14-17,From 14 to 17 years,2025,0
AT,Austria,T,Total,Y18-34,From 18 to 34 years,2021,0
AT,Austria,T,Total,Y18-34,From 18 to 34 years,2022,0
AT,Austria,T,Total,Y18-34,From 18 to 34 years,2023,0
AT,Austria,T,Total,Y18-34,From 18 to 34 years,2024,0
AT,Austria,T,Total,Y18-34,From 18 to 34 years,2025,0
BE,Belgium,T,Total,Y18-34,From 18 to 34 years,2021,250
BE,Belgium,T,Total,Y18-34,From 18 to 34 years,2022,15
BE,Belgium,T,Total,Y18-34,From 18 to 34 years,2023,115
BE,Belgium,T,Total,Y18-34,From 18 to 34 years,2024,185
BE,Belgium,T,Total,Y18-34,From 18 to 34 years,2025,15
BG,Bulgaria,T,Total,Y18-34,From 18 to 34 years,2021,0
BG,Bulgaria,T,Total,Y18-34,From 18 to 34 years,2022,0
BG,Bulgaria,T,Total,Y18-34,From 18 to 34 years,2023,5
BG,Bulgaria,T,Total,Y18-34,From 18 to 34 years,2024,0
BG,Bulgaria,T,Total,Y18-34,From 18 to 34 years,2025,5
CH,Switzerland,T,Total,Y18-34,From 18 to 34 years,2021,290
CH,Switzerland,T,Total,Y18-34,From 18 to 34 years,2022,150
CH,Switzerland,T,Total,Y18-34,From 18 to 34 years,2023,110
CH,Switzerland,T,Total,Y18-34,From 18 to 34 years,2024,0
CH,Switzerland,T,Total,Y18-34,From 18 to 34 years,2025,15
CY,Cyprus,T,Total,Y18-34,From 18 to 34 years,2021,0
CY,Cyprus,T,Total,Y18-34,From 18 to 34 years,2022,0
CY,Cyprus,T,Total,Y18-34,From 18 to 34 years,2023,0
CY,Cyprus,T,Total,Y18-34,From 18 to 34 years,2024,0
CY,Cyprus,T,Total,Y18-34,From 18 to 34 years,2025,0
CZ,Czechia,T,Total,Y18-34,From 18 to 34 years,2021,0
CZ,Czechia,T,Total,Y18-34,From 18 to 34 years,2022,0
CZ,Czechia,T,Total,Y18-34,From 18 to 34 years,2023,0
CZ,Czechia,T,Total,Y18-34,From 18 to 34 years,2024,0
CZ,Czechia,T,Total,Y18-34,From 18 to 34 years,2025,0
DE,Germany,T,Total,Y18-34,From 18 to 34 years,2021,1200
DE,Germany,T,Total,Y18-34,From 18 to 34 years,2022,1055
DE,Germany,T,Total,Y18-34,From 18 to 34 years,2023,1320
DE,Germany,T,Total,Y18-34,From 18 to 34 years,2024,1600
DE,Germany,T,Total,Y18-34,From 18 to 34 years,2025,735
DK,Denmark,T,Total,Y18-34,From 18 to 34 years,2021,15
DK,Denmark,T,Total,Y18-34,From 18 to 34 years,2022,30
DK,Denmark,T,Total,Y18-34,From 18 to 34 years,2023,35
DK,Denmark,T,Total,Y18-34,From 18 to 34 years,2024,10
DK,Denmark,T,Total,Y18-34,From 18 to 34 years,2025,105
EE,Estonia,T,Total,Y18-34,From 18 to 34 years,2021,0
EE,Estonia,T,Total,Y18-34,From 18 to 34 years,2022,0
EE,Estonia,T,Total,Y18-34,From 18 to 34 years,2023,0
EE,Estonia,T,Total,Y18-34,From 18 to 34 years,2024,0
EE,Estonia,T,Total,Y18-34,From 18 to 34 years,2025,0
EL,Greece,T,Total,Y18-34,From 18 to 34 years,2021,0
EL,Greece,T,Total,Y18-34,From 18 to 34 years,2022,0
EL,Greece,T,Total,Y18-34,From 18 to 34 years,2023,0
EL,Greece,T,Total,Y18-34,From 18 to 34 years,2024,0
EL,Greece,T,Total,Y18-34,From 18 to 34 years,2025,0
ES,Spain,T,Total,Y18-34,From 18 to 34 years,2021,140
ES,Spain,T,Total,Y18-34,From 18 to 34 years,2022,275
ES,Spain,T,Total,Y18-34,From 18 to 34 years,2023,265
ES,Spain,T,Total,Y18-34,From 18 to 34 years,2024,205
ES,Spain,T,Total,Y18-34,From 18 to 34 years,2025,295
EU27_2020,European Union - 27 countries (from 2020),T,Total,Y18-34,From 18 to 34 years,2021,7760
EU27_2020,European Union - 27 countries (from 2020),T,Total,Y18-34,From 18 to 34 years,2022,5425
EU27_2020,European Union - 27 countries (from 2020),T,Total,Y18-34,From 18 to 34 years,2023,4025
EU27_2020,European Union - 27 countries (from 2020),T,Total,Y18-34,From 18 to 34 years,2024,4295
EU27_2020,European Union - 27 countries (from 2020),T,Total,Y18-34,From 18 to 34 years,2025,3205
FI,Finland,T,Total,Y18-34,From 18 to 34 years,2021,275
FI,Finland,T,Total,Y18-34,From 18 to 34 years,2022,375
FI,Finland,T,Total,Y18-34,From 18 to 34 years,2023,410
FI,Finland,T,Total,Y18-34,From 18 to 34 years,2024,215
FI,Finland,T,Total,Y18-34,From 18 to 34 years,2025,220
FR,France,T,Total,Y18-34,From 18 to 34 years,2021,560
FR,France,T,Total,Y18-34,From 18 to 34 years,2022,850
FR,France,T,Total,Y18-34,From 18 to 34 years,2023,745
FR,France,T,Total,Y18-34,From 18 to 34 years,2024,770
FR,France,T,Total,Y18-34,From 18 to 34 years,2025,890
HR,Croatia,T,Total,Y18-34,From 18 to 34 years,2021,0
HR,Croatia,T,Total,Y18-34,From 18 to 34 years,2022,0
HR,Croatia,T,Total,Y18-34,From 18 to 34 years,2023,0
HR,Croatia,T,Total,Y18-34,From 18 to 34 years,2024,0
HR,Croatia,T,Total,Y18-34,From 18 to 34 years,2025,0
HU,Hungary,T,Total,Y18-34,From 18 to 34 years,2021,0
HU,Hungary,T,Total,Y18-34,From 18 to 34 years,2022,0
HU,Hungary,T,Total,Y18-34,From 18 to 34 years,2023,0
HU,Hungary,T,Total,Y18-34,From 18 to 34 years,2024,0
HU,Hungary,T,Total,Y18-34,From 18 to 34 years,2025,0
IE,Ireland,T,Total,Y18-34,From 18 to 34 years,2021,185
IE,Ireland,T,Total,Y18-34,From 18 to 34 years,2022,105
IE,Ireland,T,Total,Y18-34,From 18 to 34 years,2023,30
IE,Ireland,T,Total,Y18-34,From 18 to 34 years,2024,60
IE,Ireland,T,Total,Y18-34,From 18 to 34 years,2025,70
IS,Iceland,T,Total,Y18-34,From 18 to 34 years,2021,5
IS,Iceland,T,Total,Y18-34,From 18 to 34 years,2022,0
IS,Iceland,T,Total,Y18-34,From 18 to 34 years,2023,5
IS,Iceland,T,Total,Y18-34,From 18 to 34 years,2024,5
IS,Iceland,T,Total,Y18-34,From 18 to 34 years,2025,0
IT,Italy,T,Total,Y18-34,From 18 to 34 years,2021,3125
IT,Italy,T,Total,Y18-34,From 18 to 34 years,2022,810
IT,Italy,T,Total,Y18-34,From 18 to 34 years,2023,665
IT,Italy,T,Total,Y18-34,From 18 to 34 years,2024,805
IT,Italy,T,Total,Y18-34,From 18 to 34 years,2025,365
LI,Liechtenstein,T,Total,Y18-34,From 18 to 34 years,2021,0
LI,Liechtenstein,T,Total,Y18-34,From 18 to 34 years,2022,0
LI,Liechtenstein,T,Total,Y18-34,From 18 to 34 years,2023,0
LI,Liechtenstein,T,Total,Y18-34,From 18 to 34 years,2024,0
LI,Liechtenstein,T,Total,Y18-34,From 18 to 34 years,2025,0
LT,Lithuania,T,Total,Y18-34,From 18 to 34 years,2021,5
LT,Lithuania,T,Total,Y18-34,From 18 to 34 years,2022,0
LT,Lithuania,T,Total,Y18-34,From 18 to 34 years,2023,0
LT,Lithuania,T,Total,Y18-34,From 18 to 34 years,2024,0
LT,Lithuania,T,Total,Y18-34,From 18 to 34 years,2025,0
LU,Luxembourg,T,Total,Y18-34,From 18 to 34 years,2021,0
LU,Luxembourg,T,Total,Y18-34,From 18 to 34 years,2022,0
LU,Luxembourg,T,Total,Y18-34,From 18 to 34 years,2023,0
LU,Luxembourg,T,Total,Y18-34,From 18 to 34 years,2024,0
LU,Luxembourg,T,Total,Y18-34,From 18 to 34 years,2025,0
LV,Latvia,T,Total,Y18-34,From 18 to 34 years,2021,0
LV,Latvia,T,Total,Y18-34,From 18 to 34 years,2022,0
LV,Latvia,T,Total,Y18-34,From 18 to 34 years,2023,0
LV,Latvia,T,Total,Y18-34,From 18 to 34 years,2024,0
LV,Latvia,T,Total,Y18-34,From 18 to 34 years,2025,0
MT,Malta,T,Total,Y18-34,From 18 to 34 years,2021,0
MT,Malta,T,Total,Y18-34,From 18 to 34 years,2022,0
MT,Malta,T,Total,Y18-34,From 18 to 34 years,2023,0
MT,Malta,T,Total,Y18-34,From 18 to 34 years,2024,0
MT,Malta,T,Total,Y18-34,From 18 to 34 years,2025,0
NL,Netherlands,T,Total,Y18-34,From 18 to 34 years,2021,145
NL,Netherlands,T,Total,Y18-34,From 18 to 34 years,2022,415
NL,Netherlands,T,Total,Y18-34,From 18 to 34 years,2023,245
NL,Netherlands,T,Total,Y18-34,From 18 to 34 years,2024,190
NL,Netherlands,T,Total,Y18-34,From 18 to 34 years,2025,170
NO,Norway,T,Total,Y18-34,From 18 to 34 years,2021,975
NO,Norway,T,Total,Y18-34,From 18 to 34 years,2022,805
NO,Norway,T,Total,Y18-34,From 18 to 34 years,2023,560
NO,Norway,T,Total,Y18-34,From 18 to 34 years,2024,395
NO,Norway,T,Total,Y18-34,From 18 to 34 years,2025,220
PL,Poland,T,Total,Y18-34,From 18 to 34 years,2021,0
PL,Poland,T,Total,Y18-34,From 18 to 34 years,2022,0
PL,Poland,T,Total,Y18-34,From 18 to 34 years,2023,0
PL,Poland,T,Total,Y18-34,From 18 to 34 years,2024,0
PL,Poland,T,Total,Y18-34,From 18 to 34 years,2025,0
PT,Portugal,T,Total,Y18-34,From 18 to 34 years,2021,5
PT,Portugal,T,Total,Y18-34,From 18 to 34 years,2022,0
PT,Portugal,T,Total,Y18-34,From 18 to 34 years,2023,0
PT,Portugal,T,Total,Y18-34,From 18 to 34 years,2024,0
PT,Portugal,T,Total,Y18-34,From 18 to 34 years,2025,80
RO,Romania,T,Total,Y18-34,From 18 to 34 years,2021,20
RO,Romania,T,Total,Y18-34,From 18 to 34 years,2022,15
RO,Romania,T,Total,Y18-34,From 18 to 34 years,2023,25
RO,Romania,T,Total,Y18-34,From 18 to 34 years,2024,0
RO,Romania,T,Total,Y18-34,From 18 to 34 years,2025,20
SE,Sweden,T,Total,Y18-34,From 18 to 34 years,2021,1840
SE,Sweden,T,Total,Y18-34,From 18 to 34 years,2022,1475
SE,Sweden,T,Total,Y18-34,From 18 to 34 years,2023,160
SE,Sweden,T,Total,Y18-34,From 18 to 34 years,2024,245
SE,Sweden,T,Total,Y18-34,From 18 to 34 years,2025,235
SI,Slovenia,T,Total,Y18-34,From 18 to 34 years,2021,0
SI,Slovenia,T,Total,Y18-34,From 18 to 34 years,2022,0
SI,Slovenia,T,Total,Y18-34,From 18 to 34 years,2023,5
SI,Slovenia,T,Total,Y18-34,From 18 to 34 years,2024,5
SI,Slovenia,T,Total,Y18-34,From 18 to 34 years,2025,0
SK,Slovakia,T,Total,Y18-34,From 18 to 34 years,2021,0
SK,Slovakia,T,Total,Y18-34,From 18 to 34 years,2022,0
SK,Slovakia,T,Total,Y18-34,From 18 to 34 years,2023,0
SK,Slovakia,T,Total,Y18-34,From 18 to 34 years,2024,0
SK,Slovakia,T,Total,Y18-34,From 18 to 34 years,2025,0
AT,Austria,T,Total,Y35-64,From 35 to 64 years,2021,0
AT,Austria,T,Total,Y35-64,From 35 to 64 years,2022,0
AT,Austria,T,Total,Y35-64,From 35 to 64 years,2023,0
AT,Austria,T,Total,Y35-64,From 35 to 64 years,2024,0
AT,Austria,T,Total,Y35-64,From 35 to 64 years,2025,0
BE,Belgium,T,Total,Y35-64,From 35 to 64 years,2021,245
BE,Belgium,T,Total,Y35-64,From 35 to 64 years,2022,25
BE,Belgium,T,Total,Y35-64,From 35 to 64 years,2023,55
BE,Belgium,T,Total,Y35-64,From 35 to 64 years,2024,95
BE,Belgium,T,Total,Y35-64,From 35 to 64 years,2025,15
BG,Bulgaria,T,Total,Y35-64,From 35 to 64 years,2021,0
BG,Bulgaria,T,Total,Y35-64,From 35 to 64 years,2022,0
BG,Bulgaria,T,Total,Y35-64,From 35 to 64 years,2023,5
BG,Bulgaria,T,Total,Y35-64,From 35 to 64 years,2024,5
BG,Bulgaria,T,Total,Y35-64,From 35 to 64 years,2025,5
CH,Switzerland,T,Total,Y35-64,From 35 to 64 years,2021,220
CH,Switzerland,T,Total,Y35-64,From 35 to 64 years,2022,130
CH,Switzerland,T,Total,Y35-64,From 35 to 64 years,2023,75
CH,Switzerland,T,Total,Y35-64,From 35 to 64 years,2024,0
CH,Switzerland,T,Total,Y35-64,From 35 to 64 years,2025,15
CY,Cyprus,T,Total,Y35-64,From 35 to 64 years,2021,0
CY,Cyprus,T,Total,Y35-64,From 35 to 64 years,2022,0
CY,Cyprus,T,Total,Y35-64,From 35 to 64 years,2023,0
CY,Cyprus,T,Total,Y35-64,From 35 to 64 years,2024,0
CY,Cyprus,T,Total,Y35-64,From 35 to 64 years,2025,0
CZ,Czechia,T,Total,Y35-64,From 35 to 64 years,2021,0
CZ,Czechia,T,Total,Y35-64,From 35 to 64 years,2022,0
CZ,Czechia,T,Total,Y35-64,From 35 to 64 years,2023,0
CZ,Czechia,T,Total,Y35-64,From 35 to 64 years,2024,0
CZ,Czechia,T,Total,Y35-64,From 35 to 64 years,2025,0
DE,Germany,T,Total,Y35-64,From 35 to 64 years,2021,1240
DE,Germany,T,Total,Y35-64,From 35 to 64 years,2022,1195
DE,Germany,T,Total,Y35-64,From 35 to 64 years,2023,1230
DE,Germany,T,Total,Y35-64,From 35 to 64 years,2024,1250
DE,Germany,T,Total,Y35-64,From 35 to 64 years,2025,435
DK,Denmark,T,Total,Y35-64,From 35 to 64 years,2021,10
DK,Denmark,T,Total,Y35-64,From 35 to 64 years,2022,25
DK,Denmark,T,Total,Y35-64,From 35 to 64 years,2023,20
DK,Denmark,T,Total,Y35-64,From 35 to 64 years,2024,5
DK,Denmark,T,Total,Y35-64,From 35 to 64 years,2025,50
EE,Estonia,T,Total,Y35-64,From 35 to 64 years,2021,0
EE,Estonia,T,Total,Y35-64,From 35 to 64 years,2022,0
EE,Estonia,T,Total,Y35-64,From 35 to 64 years,2023,0
EE,Estonia,T,Total,Y35-64,From 35 to 64 years,2024,0
EE,Estonia,T,Total,Y35-64,From 35 to 64 years,2025,0
EL,Greece,T,Total,Y35-64,From 35 to 64 years,2021,0
EL,Greece,T,Total,Y35-64,From 35 to 64 years,2022,0
EL,Greece,T,Total,Y35-64,From 35 to 64 years,2023,0
EL,Greece,T,Total,Y35-64,From 35 to 64 years,2024,0
EL,Greece,T,Total,Y35-64,From 35 to 64 years,2025,0
ES,Spain,T,Total,Y35-64,From 35 to 64 years,2021,130
ES,Spain,T,Total,Y35-64,From 35 to 64 years,2022,260
ES,Spain,T,Total,Y35-64,From 35 to 64 years,2023,285
ES,Spain,T,Total,Y35-64,From 35 to 64 years,2024,200
ES,Spain,T,Total,Y35-64,From 35 to 64 years,2025,245
EU27_2020,European Union - 27 countries (from 2020),T,Total,Y35-64,From 35 to 64 years,2021,5100
EU27_2020,European Union - 27 countries (from 2020),T,Total,Y35-64,From 35 to 64 years,2022,4140
EU27_2020,European Union - 27 countries (from 2020),T,Total,Y35-64,From 35 to 64 years,2023,3240
EU27_2020,European Union - 27 countries (from 2020),T,Total,Y35-64,From 35 to 64 years,2024,2830
EU27_2020,European Union - 27 countries (from 2020),T,Total,Y35-64,From 35 to 64 years,2025,2085
FI,Finland,T,Total,Y35-64,From 35 to 64 years,2021,190
FI,Finland,T,Total,Y35-64,From 35 to 64 years,2022,195
FI,Finland,T,Total,Y35-64,From 35 to 64 years,2023,285
FI,Finland,T,Total,Y35-64,From 35 to 64 years,2024,180
FI,Finland,T,Total,Y35-64,From 35 to 64 years,2025,125
FR,France,T,Total,Y35-64,From 35 to 64 years,2021,430
FR,France,T,Total,Y35-64,From 35 to 64 years,2022,685
FR,France,T,Total,Y35-64,From 35 to 64 years,2023,650
FR,France,T,Total,Y35-64,From 35 to 64 years,2024,435
FR,France,T,Total,Y35-64,From 35 to 64 years,2025,585
HR,Croatia,T,Total,Y35-64,From 35 to 64 years,2021,0
HR,Croatia,T,Total,Y35-64,From 35 to 64 years,2022,0
HR,Croatia,T,Total,Y35-64,From 35 to 64 years,2023,0
HR,Croatia,T,Total,Y35-64,From 35 to 64 years,2024,0
HR,Croatia,T,Total,Y35-64,From 35 to 64 years,2025,0
HU,Hungary,T,Total,Y35-64,From 35 to 64 years,2021,0
HU,Hungary,T,Total,Y35-64,From 35 to 64 years,2022,0
HU,Hungary,T,Total,Y35-64,From 35 to 64 years,2023,0
HU,Hungary,T,Total,Y35-64,From 35 to 64 years,2024,0
HU,Hungary,T,Total,Y35-64,From 35 to 64 years,2025,0
IE,Ireland,T,Total,Y35-64,From 35 to 64 years,2021,100
IE,Ireland,T,Total,Y35-64,From 35 to 64 years,2022,90
IE,Ireland,T,Total,Y35-64,From 35 to 64 years,2023,35
IE,Ireland,T,Total,Y35-64,From 35 to 64 years,2024,40
IE,Ireland,T,Total,Y35-64,From 35 to 64 years,2025,85
IS,Iceland,T,Total,Y35-64,From 35 to 64 years,2021,10
IS,Iceland,T,Total,Y35-64,From 35 to 64 years,2022,0
IS,Iceland,T,Total,Y35-64,From 35 to 64 years,2023,5
IS,Iceland,T,Total,Y35-64,From 35 to 64 years,2024,0
IS,Iceland,T,Total,Y35-64,From 35 to 64 years,2025,0
IT,Italy,T,Total,Y35-64,From 35 to 64 years,2021,1280
IT,Italy,T,Total,Y35-64,From 35 to 64 years,2022,270
IT,Italy,T,Total,Y35-64,From 35 to 64 years,2023,365
IT,Italy,T,Total,Y35-64,From 35 to 64 years,2024,325
IT,Italy,T,Total,Y35-64,From 35 to 64 years,2025,200
LI,Liechtenstein,T,Total,Y35-64,From 35 to 64 years,2021,0
LI,Liechtenstein,T,Total,Y35-64,From 35 to 64 years,2022,0
LI,Liechtenstein,T,Total,Y35-64,From 35 to 64 years,2023,0
LI,Liechtenstein,T,Total,Y35-64,From 35 to 64 years,2024,0
LI,Liechtenstein,T,Total,Y35-64,From 35 to 64 years,2025,0
LT,Lithuania,T,Total,Y35-64,From 35 to 64 years,2021,0
LT,Lithuania,T,Total,Y35-64,From 35 to 64 years,2022,0
LT,Lithuania,T,Total,Y35-64,From 35 to 64 years,2023,0
LT,Lithuania,T,Total,Y35-64,From 35 to 64 years,2024,0
LT,Lithuania,T,Total,Y35-64,From 35 to 64 years,2025,0
LU,Luxembourg,T,Total,Y35-64,From 35 to 64 years,2021,0
LU,Luxembourg,T,Total,Y35-64,From 35 to 64 years,2022,0
LU,Luxembourg,T,Total,Y35-64,From 35 to 64 years,2023,0
LU,Luxembourg,T,Total,Y35-64,From 35 to 64 years,2024,0
LU,Luxembourg,T,Total,Y35-64,From 35 to 64 years,2025,0
LV,Latvia,T,Total,Y35-64,From 35 to 64 years,2021,0
LV,Latvia,T,Total,Y35-64,From 35 to 64 years,2022,0
LV,Latvia,T,Total,Y35-64,From 35 to 64 years,2023,0
LV,Latvia,T,Total,Y35-64,From 35 to 64 years,2024,0
LV,Latvia,T,Total,Y35-64,From 35 to 64 years,2025,0
MT,Malta,T,Total,Y35-64,From 35 to 64 years,2021,0
MT,Malta,T,Total,Y35-64,From 35 to 64 years,2022,0
MT,Malta,T,Total,Y35-64,From 35 to 64 years,2023,0
MT,Malta,T,Total,Y35-64,From 35 to 64 years,2024,0
MT,Malta,T,Total,Y35-64,From 35 to 64 years,2025,0
NL,Netherlands,T,Total,Y35-64,From 35 to 64 years,2021,125
NL,Netherlands,T,Total,Y35-64,From 35 to 64 years,2022,345
NL,Netherlands,T,Total,Y35-64,From 35 to 64 years,2023,180
NL,Netherlands,T,Total,Y35-64,From 35 to 64 years,2024,190
NL,Netherlands,T,Total,Y35-64,From 35 to 64 years,2025,130
NO,Norway,T,Total,Y35-64,From 35 to 64 years,2021,650
NO,Norway,T,Total,Y35-64,From 35 to 64 years,2022,560
NO,Norway,T,Total,Y35-64,From 35 to 64 years,2023,430
NO,Norway,T,Total,Y35-64,From 35 to 64 years,2024,285
NO,Norway,T,Total,Y35-64,From 35 to 64 years,2025,115
PL,Poland,T,Total,Y35-64,From 35 to 64 years,2021,0
PL,Poland,T,Total,Y35-64,From 35 to 64 years,2022,0
PL,Poland,T,Total,Y35-64,From 35 to 64 years,2023,0
PL,Poland,T,Total,Y35-64,From 35 to 64 years,2024,0
PL,Poland,T,Total,Y35-64,From 35 to 64 years,2025,0
PT,Portugal,T,Total,Y35-64,From 35 to 64 years,2021,5
PT,Portugal,T,Total,Y35-64,From 35 to 64 years,2022,0
PT,Portugal,T,Total,Y35-64,From 35 to 64 years,2023,0
PT,Portugal,T,Total,Y35-64,From 35 to 64 years,2024,0
PT,Portugal,T,Total,Y35-64,From 35 to 64 years,2025,65
RO,Romania,T,Total,Y35-64,From 35 to 64 years,2021,15
RO,Romania,T,Total,Y35-64,From 35 to 64 years,2022,25
RO,Romania,T,Total,Y35-64,From 35 to 64 years,2023,35
RO,Romania,T,Total,Y35-64,From 35 to 64 years,2024,0
RO,Romania,T,Total,Y35-64,From 35 to 64 years,2025,25
SE,Sweden,T,Total,Y35-64,From 35 to 64 years,2021,1330
SE,Sweden,T,Total,Y35-64,From 35 to 64 years,2022,1035
SE,Sweden,T,Total,Y35-64,From 35 to 64 years,2023,90
SE,Sweden,T,Total,Y35-64,From 35 to 64 years,2024,105
SE,Sweden,T,Total,Y35-64,From 35 to 64 years,2025,120
SI,Slovenia,T,Total,Y35-64,From 35 to 64 years,2021,0
SI,Slovenia,T,Total,Y35-64,From 35 to 64 years,2022,0
SI,Slovenia,T,Total,Y35-64,From 35 to 64 years,2023,5
SI,Slovenia,T,Total,Y35-64,From 35 to 64 years,2024,5
SI,Slovenia,T,Total,Y35-64,From 35 to 64 years,2025,0
SK,Slovakia,T,Total,Y35-64,From 35 to 64 years,2021,0
SK,Slovakia,T,Total,Y35-64,From 35 to 64 years,2022,0
SK,Slovakia,T,Total,Y35-64,From 35 to 64 years,2023,0
SK,Slovakia,T,Total,Y35-64,From 35 to 64 years,2024,0
SK,Slovakia,T,Total,Y35-64,From 35 to 64 years,2025,0
AT,Austria,T,Total,Y_GE65,65 years or over,2021,0
AT,Austria,T,Total,Y_GE65,65 years or over,2022,0
AT,Austria,T,Total,Y_GE65,65 years or over,2023,0
AT,Austria,T,Total,Y_GE65,65 years or over,2024,0
AT,Austria,T,Total,Y_GE65,65 years or over,2025,0
BE,Belgium,T,Total,Y_GE65,65 years or over,2021,10
BE,Belgium,T,Total,Y_GE65,65 years or over,2022,5
BE,Belgium,T,Total,Y_GE65,65 years or over,2023,5
BE,Belgium,T,Total,Y_GE65,65 years or over,2024,5
BE,Belgium,T,Total,Y_GE65,65 years or over,2025,0
BG,Bulgaria,T,Total,Y_GE65,65 years or over,2021,0
BG,Bulgaria,T,Total,Y_GE65,65 years or over,2022,0
BG,Bulgaria,T,Total,Y_GE65,65 years or over,2023,0
BG,Bulgaria,T,Total,Y_GE65,65 years or over,2024,0
BG,Bulgaria,T,Total,Y_GE65,65 years or over,2025,0
CH,Switzerland,T,Total,Y_GE65,65 years or over,2021,5
CH,Switzerland,T,Total,Y_GE65,65 years or over,2022,0
CH,Switzerland,T,Total,Y_GE65,65 years or over,2023,5
CH,Switzerland,T,Total,Y_GE65,65 years or over,2024,0
CH,Switzerland,T,Total,Y_GE65,65 years or over,2025,0
CY,Cyprus,T,Total,Y_GE65,65 years or over,2021,0
CY,Cyprus,T,Total,Y_GE65,65 years or over,2022,0
CY,Cyprus,T,Total,Y_GE65,65 years or over,2023,0
CY,Cyprus,T,Total,Y_GE65,65 years or over,2024,0
CY,Cyprus,T,Total,Y_GE65,65 years or over,2025,0
CZ,Czechia,T,Total,Y_GE65,65 years or over,2021,0
CZ,Czechia,T,Total,Y_GE65,65 years or over,2022,0
CZ,Czechia,T,Total,Y_GE65,65 years or over,2023,0
CZ,Czechia,T,Total,Y_GE65,65 years or over,2024,0
CZ,Czechia,T,Total,Y_GE65,65 years or over,2025,0
DE,Germany,T,Total,Y_GE65,65 years or over,2021,75
DE,Germany,T,Total,Y_GE65,65 years or over,2022,80
DE,Germany,T,Total,Y_GE65,65 years or over,2023,85
DE,Germany,T,Total,Y_GE65,65 years or over,2024,105
DE,Germany,T,Total,Y_GE65,65 years or over,2025,45
DK,Denmark,T,Total,Y_GE65,65 years or over,2021,0
DK,Denmark,T,Total,Y_GE65,65 years or over,2022,0
DK,Denmark,T,Total,Y_GE65,65 years or over,2023,0
DK,Denmark,T,Total,Y_GE65,65 years or over,2024,0
DK,Denmark,T,Total,Y_GE65,65 years or over,2025,0
EE,Estonia,T,Total,Y_GE65,65 years or over,2021,0
EE,Estonia,T,Total,Y_GE65,65 years or over,2022,0
EE,Estonia,T,Total,Y_GE65,65 years or over,2023,0
EE,Estonia,T,Total,Y_GE65,65 years or over,2024,0
EE,Estonia,T,Total,Y_GE65,65 years or over,2025,0
EL,Greece,T,Total,Y_GE65,65 years or over,2021,0
EL,Greece,T,Total,Y_GE65,65 years or over,2022,0
EL,Greece,T,Total,Y_GE65,65 years or over,2023,0
EL,Greece,T,Total,Y_GE65,65 years or over,2024,0
EL,Greece,T,Total,Y_GE65,65 years or over,2025,0
ES,Spain,T,Total,Y_GE65,65 years or over,2021,5
ES,Spain,T,Total,Y_GE65,65 years or over,2022,5
ES,Spain,T,Total,Y_GE65,65 years or over,2023,5
ES,Spain,T,Total,Y_GE65,65 years or over,2024,5
ES,Spain,T,Total,Y_GE65,65 years or over,2025,0
EU27_2020,European Union - 27 countries (from 2020),T,Total,Y_GE65,65 years or over,2021,260
EU27_2020,European Union - 27 countries (from 2020),T,Total,Y_GE65,65 years or over,2022,230
EU27_2020,European Union - 27 countries (from 2020),T,Total,Y_GE65,65 years or over,2023,190
EU27_2020,European Union - 27 countries (from 2020),T,Total,Y_GE65,65 years or over,2024,175
EU27_2020,European Union - 27 countries (from 2020),T,Total,Y_GE65,65 years or over,2025,90
FI,Finland,T,Total,Y_GE65,65 years or over,2021,0
FI,Finland,T,Total,Y_GE65,65 years or over,2022,10
FI,Finland,T,Total,Y_GE65,65 years or over,2023,15
FI,Finland,T,Total,Y_GE65,65 years or over,2024,0
FI,Finland,T,Total,Y_GE65,65 years or over,2025,0
FR,France,T,Total,Y_GE65,65 years or over,2021,15
FR,France,T,Total,Y_GE65,65 years or over,2022,35
FR,France,T,Total,Y_GE65,65 years or over,2023,30
FR,France,T,Total,Y_GE65,65 years or over,2024,15
FR,France,T,Total,Y_GE65,65 years or over,2025,20
HR,Croatia,T,Total,Y_GE65,65 years or over,2021,0
HR,Croatia,T,Total,Y_GE65,65 years or over,2022,0
HR,Croatia,T,Total,Y_GE65,65 years or over,2023,0
HR,Croatia,T,Total,Y_GE65,65 years or over,2024,0
HR,Croatia,T,Total,Y_GE65,65 years or over,2025,0
HU,Hungary,T,Total,Y_GE65,65 years or over,2021,0
HU,Hungary,T,Total,Y_GE65,65 years or over,2022,0
HU,Hungary,T,Total,Y_GE65,65 years or over,2023,0
HU,Hungary,T,Total,Y_GE65,65 years or over,2024,0
HU,Hungary,T,Total,Y_GE65,65 years or over,2025,0
IE,Ireland,T,Total,Y_GE65,65 years or over,2021,15
IE,Ireland,T,Total,Y_GE65,65 years or over,2022,10
IE,Ireland,T,Total,Y_GE65,65 years or over,2023,0
IE,Ireland,T,Total,Y_GE65,65 years or over,2024,0
IE,Ireland,T,Total,Y_GE65,65 years or over,2025,0
IS,Iceland,T,Total,Y_GE65,65 years or over,2021,0
IS,Iceland,T,Total,Y_GE65,65 years or over,2022,0
IS,Iceland,T,Total,Y_GE65,65 years or over,2023,0
IS,Iceland,T,Total,Y_GE65,65 years or over,2024,0
IS,Iceland,T,Total,Y_GE65,65 years or over,2025,0
IT,Italy,T,Total,Y_GE65,65 years or over,2021,70
IT,Italy,T,Total,Y_GE65,65 years or over,2022,20
IT,Italy,T,Total,Y_GE65,65 years or over,2023,35
IT,Italy,T,Total,Y_GE65,65 years or over,2024,35
IT,Italy,T,Total,Y_GE65,65 years or over,2025,10
LI,Liechtenstein,T,Total,Y_GE65,65 years or over,2021,0
LI,Liechtenstein,T,Total,Y_GE65,65 years or over,2022,0
LI,Liechtenstein,T,Total,Y_GE65,65 years or over,2023,0
LI,Liechtenstein,T,Total,Y_GE65,65 years or over,2024,0
LI,Liechtenstein,T,Total,Y_GE65,65 years or over,2025,0
LT,Lithuania,T,Total,Y_GE65,65 years or over,2021,0
LT,Lithuania,T,Total,Y_GE65,65 years or over,2022,0
LT,Lithuania,T,Total,Y_GE65,65 years or over,2023,0
LT,Lithuania,T,Total,Y_GE65,65 years or over,2024,0
LT,Lithuania,T,Total,Y_GE65,65 years or over,2025,0
LU,Luxembourg,T,Total,Y_GE65,65 years or over,2021,0
LU,Luxembourg,T,Total,Y_GE65,65 years or over,2022,0
LU,Luxembourg,T,Total,Y_GE65,65 years or over,2023,0
LU,Luxembourg,T,Total,Y_GE65,65 years or over,2024,0
LU,Luxembourg,T,Total,Y_GE65,65 years or over,2025,0
LV,Latvia,T,Total,Y_GE65,65 years or over,2021,0
LV,Latvia,T,Total,Y_GE65,65 years or over,2022,0
LV,Latvia,T,Total,Y_GE65,65 years or over,2023,0
LV,Latvia,T,Total,Y_GE65,65 years or over,2024,0
LV,Latvia,T,Total,Y_GE65,65 years or over,2025,0
MT,Malta,T,Total,Y_GE65,65 years or over,2021,0
MT,Malta,T,Total,Y_GE65,65 years or over,2022,0
MT,Malta,T,Total,Y_GE65,65 years or over,2023,0
MT,Malta,T,Total,Y_GE65,65 years or over,2024,0
MT,Malta,T,Total,Y_GE65,65 years or over,2025,0
NL,Netherlands,T,Total,Y_GE65,65 years or over,2021,5
NL,Netherlands,T,Total,Y_GE65,65 years or over,2022,15
NL,Netherlands,T,Total,Y_GE65,65 years or over,2023,10
NL,Netherlands,T,Total,Y_GE65,65 years or over,2024,5
NL,Netherlands,T,Total,Y_GE65,65 years or over,2025,5
NO,Norway,T,Total,Y_GE65,65 years or over,2021,20
NO,Norway,T,Total,Y_GE65,65 years or over,2022,5
NO,Norway,T,Total,Y_GE65,65 years or over,2023,5
NO,Norway,T,Total,Y_GE65,65 years or over,2024,0
NO,Norway,T,Total,Y_GE65,65 years or over,2025,0
PL,Poland,T,Total,Y_GE65,65 years or over,2021,0
PL,Poland,T,Total,Y_GE65,65 years or over,2022,0
PL,Poland,T,Total,Y_GE65,65 years or over,2023,0
PL,Poland,T,Total,Y_GE65,65 years or over,2024,0
PL,Poland,T,Total,Y_GE65,65 years or over,2025,0
PT,Portugal,T,Total,Y_GE65,65 years or over,2021,0
PT,Portugal,T,Total,Y_GE65,65 years or over,2022,0
PT,Portugal,T,Total,Y_GE65,65 years or over,2023,0
PT,Portugal,T,Total,Y_GE65,65 years or over,2024,0
PT,Portugal,T,Total,Y_GE65,65 years or over,2025,5
RO,Romania,T,Total,Y_GE65,65 years or over,2021,0
RO,Romania,T,Total,Y_GE65,65 years or over,2022,0
RO,Romania,T,Total,Y_GE65,65 years or over,2023,0
RO,Romania,T,Total,Y_GE65,65 years or over,2024,0
RO,Romania,T,Total,Y_GE65,65 years or over,2025,0
SE,Sweden,T,Total,Y_GE65,65 years or over,2021,60
SE,Sweden,T,Total,Y_GE65,65 years or over,2022,50
SE,Sweden,T,Total,Y_GE65,65 years or over,2023,5
SE,Sweden,T,Total,Y_GE65,65 years or over,2024,5
SE,Sweden,T,Total,Y_GE65,65 years or over,2025,0
SI,Slovenia,T,Total,Y_GE65,65 years or over,2021,0
SI,Slovenia,T,Total,Y_GE65,65 years or over,2022,0
SI,Slovenia,T,Total,Y_GE65,65 years or over,2023,0
SI,Slovenia,T,Total,Y_GE65,65 years or over,2024,0
SI,Slovenia,T,Total,Y_GE65,65 years or over,2025,0
SK,Slovakia,T,Total,Y_GE65,65 years or over,2021,0
SK,Slovakia,T,Total,Y_GE65,65 years or over,2022,0
SK,Slovakia,T,Total,Y_GE65,65 years or over,2023,0
SK,Slovakia,T,Total,Y_GE65,65 years or over,2024,0
SK,Slovakia,T,Total,Y_GE65,65 years or over,2025,0
AT,Austria,T,Total,Y_LT14,Less than 14 years,2021,0
AT,Austria,T,Total,Y_LT14,Less than 14 years,2022,0
AT,Austria,T,Total,Y_LT14,Less than 14 years,2023,0
AT,Austria,T,Total,Y_LT14,Less than 14 years,2024,0
AT,Austria,T,Total,Y_LT14,Less than 14 years,2025,0
BE,Belgium,T,Total,Y_LT14,Less than 14 years,2021,345
BE,Belgium,T,Total,Y_LT14,Less than 14 years,2022,25
BE,Belgium,T,Total,Y_LT14,Less than 14 years,2023,85
BE,Belgium,T,Total,Y_LT14,Less than 14 years,2024,155
BE,Belgium,T,Total,Y_LT14,Less than 14 years,2025,20
BG,Bulgaria,T,Total,Y_LT14,Less than 14 years,2021,0
BG,Bulgaria,T,Total,Y_LT14,Less than 14 years,2022,0
BG,Bulgaria,T,Total,Y_LT14,Less than 14 years,2023,0
BG,Bulgaria,T,Total,Y_LT14,Less than 14 years,2024,5
BG,Bulgaria,T,Total,Y_LT14,Less than 14 years,2025,5
CH,Switzerland,T,Total,Y_LT14,Less than 14 years,2021,435
CH,Switzerland,T,Total,Y_LT14,Less than 14 years,2022,265
CH,Switzerland,T,Total,Y_LT14,Less than 14 years,2023,160
CH,Switzerland,T,Total,Y_LT14,Less than 14 years,2024,0
CH,Switzerland,T,Total,Y_LT14,Less than 14 years,2025,20
CY,Cyprus,T,Total,Y_LT14,Less than 14 years,2021,0
CY,Cyprus,T,Total,Y_LT14,Less than 14 years,2022,0
CY,Cyprus,T,Total,Y_LT14,Less than 14 years,2023,0
CY,Cyprus,T,Total,Y_LT14,Less than 14 years,2024,0
CY,Cyprus,T,Total,Y_LT14,Less than 14 years,2025,0
CZ,Czechia,T,Total,Y_LT14,Less than 14 years,2021,0
CZ,Czechia,T,Total,Y_LT14,Less than 14 years,2022,0
CZ,Czechia,T,Total,Y_LT14,Less than 14 years,2023,0
CZ,Czechia,T,Total,Y_LT14,Less than 14 years,2024,0
CZ,Czechia,T,Total,Y_LT14,Less than 14 years,2025,0
DE,Germany,T,Total,Y_LT14,Less than 14 years,2021,2280
DE,Germany,T,Total,Y_LT14,Less than 14 years,2022,1980
DE,Germany,T,Total,Y_LT14,Less than 14 years,2023,1825
DE,Germany,T,Total,Y_LT14,Less than 14 years,2024,2240
DE,Germany,T,Total,Y_LT14,Less than 14 years,2025,810
DK,Denmark,T,Total,Y_LT14,Less than 14 years,2021,20
DK,Denmark,T,Total,Y_LT14,Less than 14 years,2022,65
DK,Denmark,T,Total,Y_LT14,Less than 14 years,2023,70
DK,Denmark,T,Total,Y_LT14,Less than 14 years,2024,20
DK,Denmark,T,Total,Y_LT14,Less than 14 years,2025,140
EE,Estonia,T,Total,Y_LT14,Less than 14 years,2021,0
EE,Estonia,T,Total,Y_LT14,Less than 14 years,2022,0
EE,Estonia,T,Total,Y_LT14,Less than 14 years,2023,0
EE,Estonia,T,Total,Y_LT14,Less than 14 years,2024,0
EE,Estonia,T,Total,Y_LT14,Less than 14 years,2025,0
EL,Greece,T,Total,Y_LT14,Less than 14 years,2021,0
EL,Greece,T,Total,Y_LT14,Less than 14 years,2022,0
EL,Greece,T,Total,Y_LT14,Less than 14 years,2023,0
EL,Greece,T,Total,Y_LT14,Less than 14 years,2024,0
EL,Greece,T,Total,Y_LT14,Less than 14 years,2025,0
ES,Spain,T,Total,Y_LT14,Less than 14 years,2021,205
ES,Spain,T,Total,Y_LT14,Less than 14 years,2022,475
ES,Spain,T,Total,Y_LT14,Less than 14 years,2023,420
ES,Spain,T,Total,Y_LT14,Less than 14 years,2024,275
ES,Spain,T,Total,Y_LT14,Less than 14 years,2025,235
EU27_2020,European Union - 27 countries (from 2020),T,Total,Y_LT14,Less than 14 years,2021,8375
EU27_2020,European Union - 27 countries (from 2020),T,Total,Y_LT14,Less than 14 years,2022,7160
EU27_2020,European Union - 27 countries (from 2020),T,Total,Y_LT14,Less than 14 years,2023,5125
EU27_2020,European Union - 27 countries (from 2020),T,Total,Y_LT14,Less than 14 years,2024,5235
EU27_2020,European Union - 27 countries (from 2020),T,Total,Y_LT14,Less than 14 years,2025,3735
FI,Finland,T,Total,Y_LT14,Less than 14 years,2021,325
FI,Finland,T,Total,Y_LT14,Less than 14 years,2022,390
FI,Finland,T,Total,Y_LT14,Less than 14 years,2023,440
FI,Finland,T,Total,Y_LT14,Less than 14 years,2024,325
FI,Finland,T,Total,Y_LT14,Less than 14 years,2025,215
FR,France,T,Total,Y_LT14,Less than 14 years,2021,735
FR,France,T,Total,Y_LT14,Less than 14 years,2022,1275
FR,France,T,Total,Y_LT14,Less than 14 years,2023,1105
FR,France,T,Total,Y_LT14,Less than 14 years,2024,940
FR,France,T,Total,Y_LT14,Less than 14 years,2025,1205
HR,Croatia,T,Total,Y_LT14,Less than 14 years,2021,0
HR,Croatia,T,Total,Y_LT14,Less than 14 years,2022,0
HR,Croatia,T,Total,Y_LT14,Less than 14 years,2023,0
HR,Croatia,T,Total,Y_LT14,Less than 14 years,2024,0
HR,Croatia,T,Total,Y_LT14,Less than 14 years,2025,0
HU,Hungary,T,Total,Y_LT14,Less than 14 years,2021,0
HU,Hungary,T,Total,Y_LT14,Less than 14 years,2022,0
HU,Hungary,T,Total,Y_LT14,Less than 14 years,2023,0
HU,Hungary,T,Total,Y_LT14,Less than 14 years,2024,0
HU,Hungary,T,Total,Y_LT14,Less than 14 years,2025,0
IE,Ireland,T,Total,Y_LT14,Less than 14 years,2021,145
IE,Ireland,T,Total,Y_LT14,Less than 14 years,2022,130
IE,Ireland,T,Total,Y_LT14,Less than 14 years,2023,55
IE,Ireland,T,Total,Y_LT14,Less than 14 years,2024,85
IE,Ireland,T,Total,Y_LT14,Less than 14 years,2025,95
IS,Iceland,T,Total,Y_LT14,Less than 14 years,2021,15
IS,Iceland,T,Total,Y_LT14,Less than 14 years,2022,0
IS,Iceland,T,Total,Y_LT14,Less than 14 years,2023,5
IS,Iceland,T,Total,Y_LT14,Less than 14 years,2024,0
IS,Iceland,T,Total,Y_LT14,Less than 14 years,2025,0
IT,Italy,T,Total,Y_LT14,Less than 14 years,2021,1620
IT,Italy,T,Total,Y_LT14,Less than 14 years,2022,355
IT,Italy,T,Total,Y_LT14,Less than 14 years,2023,485
IT,Italy,T,Total,Y_LT14,Less than 14 years,2024,460
IT,Italy,T,Total,Y_LT14,Less than 14 years,2025,270
LI,Liechtenstein,T,Total,Y_LT14,Less than 14 years,2021,0
LI,Liechtenstein,T,Total,Y_LT14,Less than 14 years,2022,0
LI,Liechtenstein,T,Total,Y_LT14,Less than 14 years,2023,0
LI,Liechtenstein,T,Total,Y_LT14,Less than 14 years,2024,0
LI,Liechtenstein,T,Total,Y_LT14,Less than 14 years,2025,0
LT,Lithuania,T,Total,Y_LT14,Less than 14 years,2021,10
LT,Lithuania,T,Total,Y_LT14,Less than 14 years,2022,0
LT,Lithuania,T,Total,Y_LT14,Less than 14 years,2023,0
LT,Lithuania,T,Total,Y_LT14,Less than 14 years,2024,0
LT,Lithuania,T,Total,Y_LT14,Less than 14 years,2025,0
LU,Luxembourg,T,Total,Y_LT14,Less than 14 years,2021,0
LU,Luxembourg,T,Total,Y_LT14,Less than 14 years,2022,0
LU,Luxembourg,T,Total,Y_LT14,Less than 14 years,2023,0
LU,Luxembourg,T,Total,Y_LT14,Less than 14 years,2024,0
LU,Luxembourg,T,Total,Y_LT14,Less than 14 years,2025,0
LV,Latvia,T,Total,Y_LT14,Less than 14 years,2021,0
LV,Latvia,T,Total,Y_LT14,Less than 14 years,2022,0
LV,Latvia,T,Total,Y_LT14,Less than 14 years,2023,0
LV,Latvia,T,Total,Y_LT14,Less than 14 years,2024,0
LV,Latvia,T,Total,Y_LT14,Less than 14 years,2025,0
MT,Malta,T,Total,Y_LT14,Less than 14 years,2021,0
MT,Malta,T,Total,Y_LT14,Less than 14 years,2022,0
MT,Malta,T,Total,Y_LT14,Less than 14 years,2023,0
MT,Malta,T,Total,Y_LT14,Less than 14 years,2024,0
MT,Malta,T,Total,Y_LT14,Less than 14 years,2025,0
NL,Netherlands,T,Total,Y_LT14,Less than 14 years,2021,140
NL,Netherlands,T,Total,Y_LT14,Less than 14 years,2022,505
NL,Netherlands,T,Total,Y_LT14,Less than 14 years,2023,325
NL,Netherlands,T,Total,Y_LT14,Less than 14 years,2024,260
NL,Netherlands,T,Total,Y_LT14,Less than 14 years,2025,165
NO,Norway,T,Total,Y_LT14,Less than 14 years,2021,1700
NO,Norway,T,Total,Y_LT14,Less than 14 years,2022,1480
NO,Norway,T,Total,Y_LT14,Less than 14 years,2023,1045
NO,Norway,T,Total,Y_LT14,Less than 14 years,2024,685
NO,Norway,T,Total,Y_LT14,Less than 14 years,2025,300
PL,Poland,T,Total,Y_LT14,Less than 14 years,2021,0
PL,Poland,T,Total,Y_LT14,Less than 14 years,2022,0
PL,Poland,T,Total,Y_LT14,Less than 14 years,2023,0
PL,Poland,T,Total,Y_LT14,Less than 14 years,2024,0
PL,Poland,T,Total,Y_LT14,Less than 14 years,2025,0
PT,Portugal,T,Total,Y_LT14,Less than 14 years,2021,0
PT,Portugal,T,Total,Y_LT14,Less than 14 years,2022,0
PT,Portugal,T,Total,Y_LT14,Less than 14 years,2023,0
PT,Portugal,T,Total,Y_LT14,Less than 14 years,2024,0
PT,Portugal,T,Total,Y_LT14,Less than 14 years,2025,80
RO,Romania,T,Total,Y_LT14,Less than 14 years,2021,35
RO,Romania,T,Total,Y_LT14,Less than 14 years,2022,35
RO,Romania,T,Total,Y_LT14,Less than 14 years,2023,70
RO,Romania,T,Total,Y_LT14,Less than 14 years,2024,0
RO,Romania,T,Total,Y_LT14,Less than 14 years,2025,80
SE,Sweden,T,Total,Y_LT14,Less than 14 years,2021,2520
SE,Sweden,T,Total,Y_LT14,Less than 14 years,2022,1915
SE,Sweden,T,Total,Y_LT14,Less than 14 years,2023,235
SE,Sweden,T,Total,Y_LT14,Less than 14 years,2024,460
SE,Sweden,T,Total,Y_LT14,Less than 14 years,2025,415
SI,Slovenia,T,Total,Y_LT14,Less than 14 years,2021,0
SI,Slovenia,T,Total,Y_LT14,Less than 14 years,2022,0
SI,Slovenia,T,Total,Y_LT14,Less than 14 years,2023,10
SI,Slovenia,T,Total,Y_LT14,Less than 14 years,2024,10
SI,Slovenia,T,Total,Y_LT14,Less than 14 years,2025,0
SK,Slovakia,T,Total,Y_LT14,Less than 14 years,2021,0
SK,Slovakia,T,Total,Y_LT14,Less than 14 years,2022,0
SK,Slovakia,T,Total,Y_LT14,Less than 14 years,2023,0
SK,Slovakia,T,Total,Y_LT14,Less than 14 years,2024,0
SK,Slovakia,T,Total,Y_LT14,Less than 14 years,2025,0
AT,Austria,T,Total,Y_LT18,Less than 18 years,2021,0
AT,Austria,T,Total,Y_LT18,Less than 18 years,2022,0
AT,Austria,T,Total,Y_LT18,Less than 18 years,2023,0
AT,Austria,T,Total,Y_LT18,Less than 18 years,2024,0
AT,Austria,T,Total,Y_LT18,Less than 18 years,2025,0
BE,Belgium,T,Total,Y_LT18,Less than 18 years,2021,440
BE,Belgium,T,Total,Y_LT18,Less than 18 years,2022,35
BE,Belgium,T,Total,Y_LT18,Less than 18 years,2023,110
BE,Belgium,T,Total,Y_LT18,Less than 18 years,2024,200
BE,Belgium,T,Total,Y_LT18,Less than 18 years,2025,20
BG,Bulgaria,T,Total,Y_LT18,Less than 18 years,2021,0
BG,Bulgaria,T,Total,Y_LT18,Less than 18 years,2022,0
BG,Bulgaria,T,Total,Y_LT18,Less than 18 years,2023,0
BG,Bulgaria,T,Total,Y_LT18,Less than 18 years,2024,5
BG,Bulgaria,T,Total,Y_LT18,Less than 18 years,2025,5
CH,Switzerland,T,Total,Y_LT18,Less than 18 years,2021,535
CH,Switzerland,T,Total,Y_LT18,Less than 18 years,2022,330
CH,Switzerland,T,Total,Y_LT18,Less than 18 years,2023,185
CH,Switzerland,T,Total,Y_LT18,Less than 18 years,2024,0
CH,Switzerland,T,Total,Y_LT18,Less than 18 years,2025,20
CY,Cyprus,T,Total,Y_LT18,Less than 18 years,2021,0
CY,Cyprus,T,Total,Y_LT18,Less than 18 years,2022,0
CY,Cyprus,T,Total,Y_LT18,Less than 18 years,2023,0
CY,Cyprus,T,Total,Y_LT18,Less than 18 years,2024,0
CY,Cyprus,T,Total,Y_LT18,Less than 18 years,2025,0
CZ,Czechia,T,Total,Y_LT18,Less than 18 years,2021,0
CZ,Czechia,T,Total,Y_LT18,Less than 18 years,2022,0
CZ,Czechia,T,Total,Y_LT18,Less than 18 years,2023,0
CZ,Czechia,T,Total,Y_LT18,Less than 18 years,2024,0
CZ,Czechia,T,Total,Y_LT18,Less than 18 years,2025,0
DE,Germany,T,Total,Y_LT18,Less than 18 years,2021,2885
DE,Germany,T,Total,Y_LT18,Less than 18 years,2022,2445
DE,Germany,T,Total,Y_LT18,Less than 18 years,2023,2340
DE,Germany,T,Total,Y_LT18,Less than 18 years,2024,2765
DE,Germany,T,Total,Y_LT18,Less than 18 years,2025,1015
DK,Denmark,T,Total,Y_LT18,Less than 18 years,2021,30
DK,Denmark,T,Total,Y_LT18,Less than 18 years,2022,95
DK,Denmark,T,Total,Y_LT18,Less than 18 years,2023,90
DK,Denmark,T,Total,Y_LT18,Less than 18 years,2024,25
DK,Denmark,T,Total,Y_LT18,Less than 18 years,2025,200
EE,Estonia,T,Total,Y_LT18,Less than 18 years,2021,0
EE,Estonia,T,Total,Y_LT18,Less than 18 years,2022,0
EE,Estonia,T,Total,Y_LT18,Less than 18 years,2023,0
EE,Estonia,T,Total,Y_LT18,Less than 18 years,2024,0
EE,Estonia,T,Total,Y_LT18,Less than 18 years,2025,0
EL,Greece,T,Total,Y_LT18,Less than 18 years,2021,0
EL,Greece,T,Total,Y_LT18,Less than 18 years,2022,0
EL,Greece,T,Total,Y_LT18,Less than 18 years,2023,0
EL,Greece,T,Total,Y_LT18,Less than 18 years,2024,0
EL,Greece,T,Total,Y_LT18,Less than 18 years,2025,0
ES,Spain,T,Total,Y_LT18,Less than 18 years,2021,240
ES,Spain,T,Total,Y_LT18,Less than 18 years,2022,570
ES,Spain,T,Total,Y_LT18,Less than 18 years,2023,555
ES,Spain,T,Total,Y_LT18,Less than 18 years,2024,330
ES,Spain,T,Total,Y_LT18,Less than 18 years,2025,320
EU27_2020,European Union - 27 countries (from 2020),T,Total,Y_LT18,Less than 18 years,2021,10645
EU27_2020,European Union - 27 countries (from 2020),T,Total,Y_LT18,Less than 18 years,2022,9005
EU27_2020,European Union - 27 countries (from 2020),T,Total,Y_LT18,Less than 18 years,2023,6630
EU27_2020,European Union - 27 countries (from 2020),T,Total,Y_LT18,Less than 18 years,2024,6490
EU27_2020,European Union - 27 countries (from 2020),T,Total,Y_LT18,Less than 18 years,2025,4835
FI,Finland,T,Total,Y_LT18,Less than 18 years,2021,425
FI,Finland,T,Total,Y_LT18,Less than 18 years,2022,515
FI,Finland,T,Total,Y_LT18,Less than 18 years,2023,620
FI,Finland,T,Total,Y_LT18,Less than 18 years,2024,415
FI,Finland,T,Total,Y_LT18,Less than 18 years,2025,275
FR,France,T,Total,Y_LT18,Less than 18 years,2021,930
FR,France,T,Total,Y_LT18,Less than 18 years,2022,1625
FR,France,T,Total,Y_LT18,Less than 18 years,2023,1475
FR,France,T,Total,Y_LT18,Less than 18 years,2024,1150
FR,France,T,Total,Y_LT18,Less than 18 years,2025,1565
HR,Croatia,T,Total,Y_LT18,Less than 18 years,2021,0
HR,Croatia,T,Total,Y_LT18,Less than 18 years,2022,0
HR,Croatia,T,Total,Y_LT18,Less than 18 years,2023,0
HR,Croatia,T,Total,Y_LT18,Less than 18 years,2024,0
HR,Croatia,T,Total,Y_LT18,Less than 18 years,2025,0
HU,Hungary,T,Total,Y_LT18,Less than 18 years,2021,0
HU,Hungary,T,Total,Y_LT18,Less than 18 years,2022,0
HU,Hungary,T,Total,Y_LT18,Less than 18 years,2023,0
HU,Hungary,T,Total,Y_LT18,Less than 18 years,2024,0
HU,Hungary,T,Total,Y_LT18,Less than 18 years,2025,0
IE,Ireland,T,Total,Y_LT18,Less than 18 years,2021,170
IE,Ireland,T,Total,Y_LT18,Less than 18 years,2022,160
IE,Ireland,T,Total,Y_LT18,Less than 18 years,2023,60
IE,Ireland,T,Total,Y_LT18,Less than 18 years,2024,100
IE,Ireland,T,Total,Y_LT18,Less than 18 years,2025,135
IS,Iceland,T,Total,Y_LT18,Less than 18 years,2021,20
IS,Iceland,T,Total,Y_LT18,Less than 18 years,2022,0
IS,Iceland,T,Total,Y_LT18,Less than 18 years,2023,10
IS,Iceland,T,Total,Y_LT18,Less than 18 years,2024,0
IS,Iceland,T,Total,Y_LT18,Less than 18 years,2025,0
IT,Italy,T,Total,Y_LT18,Less than 18 years,2021,2085
IT,Italy,T,Total,Y_LT18,Less than 18 years,2022,430
IT,Italy,T,Total,Y_LT18,Less than 18 years,2023,580
IT,Italy,T,Total,Y_LT18,Less than 18 years,2024,570
IT,Italy,T,Total,Y_LT18,Less than 18 years,2025,340
LI,Liechtenstein,T,Total,Y_LT18,Less than 18 years,2021,0
LI,Liechtenstein,T,Total,Y_LT18,Less than 18 years,2022,0
LI,Liechtenstein,T,Total,Y_LT18,Less than 18 years,2023,0
LI,Liechtenstein,T,Total,Y_LT18,Less than 18 years,2024,0
LI,Liechtenstein,T,Total,Y_LT18,Less than 18 years,2025,0
LT,Lithuania,T,Total,Y_LT18,Less than 18 years,2021,10
LT,Lithuania,T,Total,Y_LT18,Less than 18 years,2022,0
LT,Lithuania,T,Total,Y_LT18,Less than 18 years,2023,0
LT,Lithuania,T,Total,Y_LT18,Less than 18 years,2024,0
LT,Lithuania,T,Total,Y_LT18,Less than 18 years,2025,0
LU,Luxembourg,T,Total,Y_LT18,Less than 18 years,2021,0
LU,Luxembourg,T,Total,Y_LT18,Less than 18 years,2022,0
LU,Luxembourg,T,Total,Y_LT18,Less than 18 years,2023,0
LU,Luxembourg,T,Total,Y_LT18,Less than 18 years,2024,0
LU,Luxembourg,T,Total,Y_LT18,Less than 18 years,2025,0
LV,Latvia,T,Total,Y_LT18,Less than 18 years,2021,0
LV,Latvia,T,Total,Y_LT18,Less than 18 years,2022,0
LV,Latvia,T,Total,Y_LT18,Less than 18 years,2023,0
LV,Latvia,T,Total,Y_LT18,Less than 18 years,2024,0
LV,Latvia,T,Total,Y_LT18,Less than 18 years,2025,0
MT,Malta,T,Total,Y_LT18,Less than 18 years,2021,0
MT,Malta,T,Total,Y_LT18,Less than 18 years,2022,0
MT,Malta,T,Total,Y_LT18,Less than 18 years,2023,0
MT,Malta,T,Total,Y_LT18,Less than 18 years,2024,0
MT,Malta,T,Total,Y_LT18,Less than 18 years,2025,0
NL,Netherlands,T,Total,Y_LT18,Less than 18 years,2021,200
NL,Netherlands,T,Total,Y_LT18,Less than 18 years,2022,635
NL,Netherlands,T,Total,Y_LT18,Less than 18 years,2023,395
NL,Netherlands,T,Total,Y_LT18,Less than 18 years,2024,360
NL,Netherlands,T,Total,Y_LT18,Less than 18 years,2025,220
NO,Norway,T,Total,Y_LT18,Less than 18 years,2021,2015
NO,Norway,T,Total,Y_LT18,Less than 18 years,2022,1750
NO,Norway,T,Total,Y_LT18,Less than 18 years,2023,1255
NO,Norway,T,Total,Y_LT18,Less than 18 years,2024,805
NO,Norway,T,Total,Y_LT18,Less than 18 years,2025,345
PL,Poland,T,Total,Y_LT18,Less than 18 years,2021,0
PL,Poland,T,Total,Y_LT18,Less than 18 years,2022,0
PL,Poland,T,Total,Y_LT18,Less than 18 years,2023,0
PL,Poland,T,Total,Y_LT18,Less than 18 years,2024,0
PL,Poland,T,Total,Y_LT18,Less than 18 years,2025,0
PT,Portugal,T,Total,Y_LT18,Less than 18 years,2021,5
PT,Portugal,T,Total,Y_LT18,Less than 18 years,2022,0
PT,Portugal,T,Total,Y_LT18,Less than 18 years,2023,0
PT,Portugal,T,Total,Y_LT18,Less than 18 years,2024,0
PT,Portugal,T,Total,Y_LT18,Less than 18 years,2025,110
RO,Romania,T,Total,Y_LT18,Less than 18 years,2021,40
RO,Romania,T,Total,Y_LT18,Less than 18 years,2022,50
RO,Romania,T,Total,Y_LT18,Less than 18 years,2023,90
RO,Romania,T,Total,Y_LT18,Less than 18 years,2024,0
RO,Romania,T,Total,Y_LT18,Less than 18 years,2025,95
SE,Sweden,T,Total,Y_LT18,Less than 18 years,2021,3185
SE,Sweden,T,Total,Y_LT18,Less than 18 years,2022,2440
SE,Sweden,T,Total,Y_LT18,Less than 18 years,2023,285
SE,Sweden,T,Total,Y_LT18,Less than 18 years,2024,550
SE,Sweden,T,Total,Y_LT18,Less than 18 years,2025,540
SI,Slovenia,T,Total,Y_LT18,Less than 18 years,2021,0
SI,Slovenia,T,Total,Y_LT18,Less than 18 years,2022,0
SI,Slovenia,T,Total,Y_LT18,Less than 18 years,2023,15
SI,Slovenia,T,Total,Y_LT18,Less than 18 years,2024,15
SI,Slovenia,T,Total,Y_LT18,Less than 18 years,2025,0
SK,Slovakia,T,Total,Y_LT18,Less than 18 years,2021,0
SK,Slovakia,T,Total,Y_LT18,Less than 18 years,2022,0
SK,Slovakia,T,Total,Y_LT18,Less than 18 years,2023,0
SK,Slovakia,T,Total,Y_LT18,Less than 18 years,2024,0
SK,Slovakia,T,Total,Y_LT18,Less than 18 years,2025,0
AT,Austria,UNK,Unknown,TOTAL,Total,2021,0
AT,Austria,UNK,Unknown,TOTAL,Total,2022,0
AT,Austria,UNK,Unknown,TOTAL,Total,2023,0
AT,Austria,UNK,Unknown,TOTAL,Total,2024,0
AT,Austria,UNK,Unknown,TOTAL,Total,2025,0
BE,Belgium,UNK,Unknown,TOTAL,Total,2021,0
BE,Belgium,UNK,Unknown,TOTAL,Total,2022,0
BE,Belgium,UNK,Unknown,TOTAL,Total,2023,0
BE,Belgium,UNK,Unknown,TOTAL,Total,2024,0
BE,Belgium,UNK,Unknown,TOTAL,Total,2025,0
BG,Bulgaria,UNK,Unknown,TOTAL,Total,2021,0
BG,Bulgaria,UNK,Unknown,TOTAL,Total,2022,0
BG,Bulgaria,UNK,Unknown,TOTAL,Total,2023,0
BG,Bulgaria,UNK,Unknown,TOTAL,Total,2024,0
BG,Bulgaria,UNK,Unknown,TOTAL,Total,2025,0
CH,Switzerland,UNK,Unknown,TOTAL,Total,2021,0
CH,Switzerland,UNK,Unknown,TOTAL,Total,2022,0
CH,Switzerland,UNK,Unknown,TOTAL,Total,2023,0
CH,Switzerland,UNK,Unknown,TOTAL,Total,2024,0
CH,Switzerland,UNK,Unknown,TOTAL,Total,2025,0
CY,Cyprus,UNK,Unknown,TOTAL,Total,2021,0
CY,Cyprus,UNK,Unknown,TOTAL,Total,2022,0
CY,Cyprus,UNK,Unknown,TOTAL,Total,2023,0
CY,Cyprus,UNK,Unknown,TOTAL,Total,2024,0
CY,Cyprus,UNK,Unknown,TOTAL,Total,2025,0
CZ,Czechia,UNK,Unknown,TOTAL,Total,2021,0
CZ,Czechia,UNK,Unknown,TOTAL,Total,2022,0
CZ,Czechia,UNK,Unknown,TOTAL,Total,2023,0
CZ,Czechia,UNK,Unknown,TOTAL,Total,2024,0
CZ,Czechia,UNK,Unknown,TOTAL,Total,2025,0
DE,Germany,UNK,Unknown,TOTAL,Total,2021,0
DE,Germany,UNK,Unknown,TOTAL,Total,2022,0
DE,Germany,UNK,Unknown,TOTAL,Total,2023,0
DE,Germany,UNK,Unknown,TOTAL,Total,2024,0
DE,Germany,UNK,Unknown,TOTAL,Total,2025,0
DK,Denmark,UNK,Unknown,TOTAL,Total,2021,0
DK,Denmark,UNK,Unknown,TOTAL,Total,2022,0
DK,Denmark,UNK,Unknown,TOTAL,Total,2023,0
DK,Denmark,UNK,Unknown,TOTAL,Total,2024,0
DK,Denmark,UNK,Unknown,TOTAL,Total,2025,0
EE,Estonia,UNK,Unknown,TOTAL,Total,2021,0
EE,Estonia,UNK,Unknown,TOTAL,Total,2022,0
EE,Estonia,UNK,Unknown,TOTAL,Total,2023,0
EE,Estonia,UNK,Unknown,TOTAL,Total,2024,0
EE,Estonia,UNK,Unknown,TOTAL,Total,2025,0
EL,Greece,UNK,Unknown,TOTAL,Total,2021,0
EL,Greece,UNK,Unknown,TOTAL,Total,2022,0
EL,Greece,UNK,Unknown,TOTAL,Total,2023,0
EL,Greece,UNK,Unknown,TOTAL,Total,2024,0
EL,Greece,UNK,Unknown,TOTAL,Total,2025,0
ES,Spain,UNK,Unknown,TOTAL,Total,2021,0
ES,Spain,UNK,Unknown,TOTAL,Total,2022,0
ES,Spain,UNK,Unknown,TOTAL,Total,2023,0
ES,Spain,UNK,Unknown,TOTAL,Total,2024,0
ES,Spain,UNK,Unknown,TOTAL,Total,2025,0
EU27_2020,European Union - 27 countries (from 2020),UNK,Unknown,TOTAL,Total,2021,0
EU27_2020,European Union - 27 countries (from 2020),UNK,Unknown,TOTAL,Total,2022,30
EU27_2020,European Union - 27 countries (from 2020),UNK,Unknown,TOTAL,Total,2023,0
EU27_2020,European Union - 27 countries (from 2020),UNK,Unknown,TOTAL,Total,2024,0
EU27_2020,European Union - 27 countries (from 2020),UNK,Unknown,TOTAL,Total,2025,0
FI,Finland,UNK,Unknown,TOTAL,Total,2021,0
FI,Finland,UNK,Unknown,TOTAL,Total,2022,0
FI,Finland,UNK,Unknown,TOTAL,Total,2023,0
FI,Finland,UNK,Unknown,TOTAL,Total,2024,0
FI,Finland,UNK,Unknown,TOTAL,Total,2025,0
FR,France,UNK,Unknown,TOTAL,Total,2021,0
FR,France,UNK,Unknown,TOTAL,Total,2022,0
FR,France,UNK,Unknown,TOTAL,Total,2023,0
FR,France,UNK,Unknown,TOTAL,Total,2024,0
FR,France,UNK,Unknown,TOTAL,Total,2025,0
HR,Croatia,UNK,Unknown,TOTAL,Total,2021,0
HR,Croatia,UNK,Unknown,TOTAL,Total,2022,0
HR,Croatia,UNK,Unknown,TOTAL,Total,2023,0
HR,Croatia,UNK,Unknown,TOTAL,Total,2024,0
HR,Croatia,UNK,Unknown,TOTAL,Total,2025,0
HU,Hungary,UNK,Unknown,TOTAL,Total,2021,0
HU,Hungary,UNK,Unknown,TOTAL,Total,2022,0
HU,Hungary,UNK,Unknown,TOTAL,Total,2023,0
HU,Hungary,UNK,Unknown,TOTAL,Total,2024,0
HU,Hungary,UNK,Unknown,TOTAL,Total,2025,0
IE,Ireland,UNK,Unknown,TOTAL,Total,2021,0
IE,Ireland,UNK,Unknown,TOTAL,Total,2022,0
IE,Ireland,UNK,Unknown,TOTAL,Total,2023,0
IE,Ireland,UNK,Unknown,TOTAL,Total,2024,0
IE,Ireland,UNK,Unknown,TOTAL,Total,2025,0
IS,Iceland,UNK,Unknown,TOTAL,Total,2021,0
IS,Iceland,UNK,Unknown,TOTAL,Total,2022,0
IS,Iceland,UNK,Unknown,TOTAL,Total,2023,0
IS,Iceland,UNK,Unknown,TOTAL,Total,2024,0
IS,Iceland,UNK,Unknown,TOTAL,Total,2025,0
IT,Italy,UNK,Unknown,TOTAL,Total,2021,0
IT,Italy,UNK,Unknown,TOTAL,Total,2022,30
IT,Italy,UNK,Unknown,TOTAL,Total,2023,0
IT,Italy,UNK,Unknown,TOTAL,Total,2024,0
IT,Italy,UNK,Unknown,TOTAL,Total,2025,0
LI,Liechtenstein,UNK,Unknown,TOTAL,Total,2021,0
LI,Liechtenstein,UNK,Unknown,TOTAL,Total,2022,0
LI,Liechtenstein,UNK,Unknown,TOTAL,Total,2023,0
LI,Liechtenstein,UNK,Unknown,TOTAL,Total,2024,0
LI,Liechtenstein,UNK,Unknown,TOTAL,Total,2025,0
LT,Lithuania,UNK,Unknown,TOTAL,Total,2021,0
LT,Lithuania,UNK,Unknown,TOTAL,Total,2022,0
LT,Lithuania,UNK,Unknown,TOTAL,Total,2023,0
LT,Lithuania,UNK,Unknown,TOTAL,Total,2024,0
LT,Lithuania,UNK,Unknown,TOTAL,Total,2025,0
LU,Luxembourg,UNK,Unknown,TOTAL,Total,2021,0
LU,Luxembourg,UNK,Unknown,TOTAL,Total,2022,0
LU,Luxembourg,UNK,Unknown,TOTAL,Total,2023,0
LU,Luxembourg,UNK,Unknown,TOTAL,Total,2024,0
LU,Luxembourg,UNK,Unknown,TOTAL,Total,2025,0
LV,Latvia,UNK,Unknown,TOTAL,Total,2021,0
LV,Latvia,UNK,Unknown,TOTAL,Total,2022,0
LV,Latvia,UNK,Unknown,TOTAL,Total,2023,0
LV,Latvia,UNK,Unknown,TOTAL,Total,2024,0
LV,Latvia,UNK,Unknown,TOTAL,Total,2025,0
MT,Malta,UNK,Unknown,TOTAL,Total,2021,0
MT,Malta,UNK,Unknown,TOTAL,Total,2022,0
MT,Malta,UNK,Unknown,TOTAL,Total,2023,0
MT,Malta,UNK,Unknown,TOTAL,Total,2024,0
MT,Malta,UNK,Unknown,TOTAL,Total,2025,0
NL,Netherlands,UNK,Unknown,TOTAL,Total,2021,0
NL,Netherlands,UNK,Unknown,TOTAL,Total,2022,0
NL,Netherlands,UNK,Unknown,TOTAL,Total,2023,0
NL,Netherlands,UNK,Unknown,TOTAL,Total,2024,0
NL,Netherlands,UNK,Unknown,TOTAL,Total,2025,0
NO,Norway,UNK,Unknown,TOTAL,Total,2021,0
NO,Norway,UNK,Unknown,TOTAL,Total,2022,0
NO,Norway,UNK,Unknown,TOTAL,Total,2023,0
NO,Norway,UNK,Unknown,TOTAL,Total,2024,0
NO,Norway,UNK,Unknown,TOTAL,Total,2025,0
PL,Poland,UNK,Unknown,TOTAL,Total,2021,0
PL,Poland,UNK,Unknown,TOTAL,Total,2022,0
PL,Poland,UNK,Unknown,TOTAL,Total,2023,0
PL,Poland,UNK,Unknown,TOTAL,Total,2024,0
PL,Poland,UNK,Unknown,TOTAL,Total,2025,0
PT,Portugal,UNK,Unknown,TOTAL,Total,2021,0
PT,Portugal,UNK,Unknown,TOTAL,Total,2022,0
PT,Portugal,UNK,Unknown,TOTAL,Total,2023,0
PT,Portugal,UNK,Unknown,TOTAL,Total,2024,0
PT,Portugal,UNK,Unknown,TOTAL,Total,2025,0
RO,Romania,UNK,Unknown,TOTAL,Total,2021,0
RO,Romania,UNK,Unknown,TOTAL,Total,2022,0
RO,Romania,UNK,Unknown,TOTAL,Total,2023,0
RO,Romania,UNK,Unknown,TOTAL,Total,2024,0
RO,Romania,UNK,Unknown,TOTAL,Total,2025,0
SE,Sweden,UNK,Unknown,TOTAL,Total,2021,0
SE,Sweden,UNK,Unknown,TOTAL,Total,2022,0
SE,Sweden,UNK,Unknown,TOTAL,Total,2023,0
SE,Sweden,UNK,Unknown,TOTAL,Total,2024,0
SE,Sweden,UNK,Unknown,TOTAL,Total,2025,0
SI,Slovenia,UNK,Unknown,TOTAL,Total,2021,0
SI,Slovenia,UNK,Unknown,TOTAL,Total,2022,0
SI,Slovenia,UNK,Unknown,TOTAL,Total,2023,0
SI,Slovenia,UNK,Unknown,TOTAL,Total,2024,0
SI,Slovenia,UNK,Unknown,TOTAL,Total,2025,0
SK,Slovakia,UNK,Unknown,TOTAL,Total,2021,0
SK,Slovakia,UNK,Unknown,TOTAL,Total,2022,0
SK,Slovakia,UNK,Unknown,TOTAL,Total,2023,0
SK,Slovakia,UNK,Unknown,TOTAL,Total,2024,0
SK,Slovakia,UNK,Unknown,TOTAL,Total,2025,0
AT,Austria,UNK,Unknown,UNK,Unknown,2021,0
AT,Austria,UNK,Unknown,UNK,Unknown,2022,0
AT,Austria,UNK,Unknown,UNK,Unknown,2023,0
AT,Austria,UNK,Unknown,UNK,Unknown,2024,0
AT,Austria,UNK,Unknown,UNK,Unknown,2025,0
BE,Belgium,UNK,Unknown,UNK,Unknown,2021,0
BE,Belgium,UNK,Unknown,UNK,Unknown,2022,0
BE,Belgium,UNK,Unknown,UNK,Unknown,2023,0
BE,Belgium,UNK,Unknown,UNK,Unknown,2024,0
BE,Belgium,UNK,Unknown,UNK,Unknown,2025,0
BG,Bulgaria,UNK,Unknown,UNK,Unknown,2021,0
BG,Bulgaria,UNK,Unknown,UNK,Unknown,2022,0
BG,Bulgaria,UNK,Unknown,UNK,Unknown,2023,0
BG,Bulgaria,UNK,Unknown,UNK,Unknown,2024,0
BG,Bulgaria,UNK,Unknown,UNK,Unknown,2025,0
CH,Switzerland,UNK,Unknown,UNK,Unknown,2021,0
CH,Switzerland,UNK,Unknown,UNK,Unknown,2022,0
CH,Switzerland,UNK,Unknown,UNK,Unknown,2023,0
CH,Switzerland,UNK,Unknown,UNK,Unknown,2024,0
CH,Switzerland,UNK,Unknown,UNK,Unknown,2025,0
CY,Cyprus,UNK,Unknown,UNK,Unknown,2021,0
CY,Cyprus,UNK,Unknown,UNK,Unknown,2022,0
CY,Cyprus,UNK,Unknown,UNK,Unknown,2023,0
CY,Cyprus,UNK,Unknown,UNK,Unknown,2024,0
CY,Cyprus,UNK,Unknown,UNK,Unknown,2025,0
CZ,Czechia,UNK,Unknown,UNK,Unknown,2021,0
CZ,Czechia,UNK,Unknown,UNK,Unknown,2022,0
CZ,Czechia,UNK,Unknown,UNK,Unknown,2023,0
CZ,Czechia,UNK,Unknown,UNK,Unknown,2024,0
CZ,Czechia,UNK,Unknown,UNK,Unknown,2025,0
DE,Germany,UNK,Unknown,UNK,Unknown,2021,0
DE,Germany,UNK,Unknown,UNK,Unknown,2022,0
DE,Germany,UNK,Unknown,UNK,Unknown,2023,0
DE,Germany,UNK,Unknown,UNK,Unknown,2024,0
DE,Germany,UNK,Unknown,UNK,Unknown,2025,0
DK,Denmark,UNK,Unknown,UNK,Unknown,2021,0
DK,Denmark,UNK,Unknown,UNK,Unknown,2022,0
DK,Denmark,UNK,Unknown,UNK,Unknown,2023,0
DK,Denmark,UNK,Unknown,UNK,Unknown,2024,0
DK,Denmark,UNK,Unknown,UNK,Unknown,2025,0
EE,Estonia,UNK,Unknown,UNK,Unknown,2021,0
EE,Estonia,UNK,Unknown,UNK,Unknown,2022,0
EE,Estonia,UNK,Unknown,UNK,Unknown,2023,0
EE,Estonia,UNK,Unknown,UNK,Unknown,2024,0
EE,Estonia,UNK,Unknown,UNK,Unknown,2025,0
EL,Greece,UNK,Unknown,UNK,Unknown,2021,0
EL,Greece,UNK,Unknown,UNK,Unknown,2022,0
EL,Greece,UNK,Unknown,UNK,Unknown,2023,0
EL,Greece,UNK,Unknown,UNK,Unknown,2024,0
EL,Greece,UNK,Unknown,UNK,Unknown,2025,0
ES,Spain,UNK,Unknown,UNK,Unknown,2021,0
ES,Spain,UNK,Unknown,UNK,Unknown,2022,0
ES,Spain,UNK,Unknown,UNK,Unknown,2023,0
ES,Spain,UNK,Unknown,UNK,Unknown,2024,0
ES,Spain,UNK,Unknown,UNK,Unknown,2025,0
EU27_2020,European Union - 27 countries (from 2020),UNK,Unknown,UNK,Unknown,2021,0
EU27_2020,European Union - 27 countries (from 2020),UNK,Unknown,UNK,Unknown,2022,0
EU27_2020,European Union - 27 countries (from 2020),UNK,Unknown,UNK,Unknown,2023,0
EU27_2020,European Union - 27 countries (from 2020),UNK,Unknown,UNK,Unknown,2024,0
EU27_2020,European Union - 27 countries (from 2020),UNK,Unknown,UNK,Unknown,2025,0
FI,Finland,UNK,Unknown,UNK,Unknown,2021,0
FI,Finland,UNK,Unknown,UNK,Unknown,2022,0
FI,Finland,UNK,Unknown,UNK,Unknown,2023,0
FI,Finland,UNK,Unknown,UNK,Unknown,2024,0
FI,Finland,UNK,Unknown,UNK,Unknown,2025,0
FR,France,UNK,Unknown,UNK,Unknown,2021,0
FR,France,UNK,Unknown,UNK,Unknown,2022,0
FR,France,UNK,Unknown,UNK,Unknown,2023,0
FR,France,UNK,Unknown,UNK,Unknown,2024,0
FR,France,UNK,Unknown,UNK,Unknown,2025,0
HR,Croatia,UNK,Unknown,UNK,Unknown,2021,0
HR,Croatia,UNK,Unknown,UNK,Unknown,2022,0
HR,Croatia,UNK,Unknown,UNK,Unknown,2023,0
HR,Croatia,UNK,Unknown,UNK,Unknown,2024,0
HR,Croatia,UNK,Unknown,UNK,Unknown,2025,0
HU,Hungary,UNK,Unknown,UNK,Unknown,2021,0
HU,Hungary,UNK,Unknown,UNK,Unknown,2022,0
HU,Hungary,UNK,Unknown,UNK,Unknown,2023,0
HU,Hungary,UNK,Unknown,UNK,Unknown,2024,0
HU,Hungary,UNK,Unknown,UNK,Unknown,2025,0
IE,Ireland,UNK,Unknown,UNK,Unknown,2021,0
IE,Ireland,UNK,Unknown,UNK,Unknown,2022,0
IE,Ireland,UNK,Unknown,UNK,Unknown,2023,0
IE,Ireland,UNK,Unknown,UNK,Unknown,2024,0
IE,Ireland,UNK,Unknown,UNK,Unknown,2025,0
IS,Iceland,UNK,Unknown,UNK,Unknown,2021,0
IS,Iceland,UNK,Unknown,UNK,Unknown,2022,0
IS,Iceland,UNK,Unknown,UNK,Unknown,2023,0
IS,Iceland,UNK,Unknown,UNK,Unknown,2024,0
IS,Iceland,UNK,Unknown,UNK,Unknown,2025,0
IT,Italy,UNK,Unknown,UNK,Unknown,2021,0
IT,Italy,UNK,Unknown,UNK,Unknown,2022,0
IT,Italy,UNK,Unknown,UNK,Unknown,2023,0
IT,Italy,UNK,Unknown,UNK,Unknown,2024,0
IT,Italy,UNK,Unknown,UNK,Unknown,2025,0
LI,Liechtenstein,UNK,Unknown,UNK,Unknown,2021,0
LI,Liechtenstein,UNK,Unknown,UNK,Unknown,2022,0
LI,Liechtenstein,UNK,Unknown,UNK,Unknown,2023,0
LI,Liechtenstein,UNK,Unknown,UNK,Unknown,2024,0
LI,Liechtenstein,UNK,Unknown,UNK,Unknown,2025,0
LT,Lithuania,UNK,Unknown,UNK,Unknown,2021,0
LT,Lithuania,UNK,Unknown,UNK,Unknown,2022,0
LT,Lithuania,UNK,Unknown,UNK,Unknown,2023,0
LT,Lithuania,UNK,Unknown,UNK,Unknown,2024,0
LT,Lithuania,UNK,Unknown,UNK,Unknown,2025,0
LU,Luxembourg,UNK,Unknown,UNK,Unknown,2021,0
LU,Luxembourg,UNK,Unknown,UNK,Unknown,2022,0
LU,Luxembourg,UNK,Unknown,UNK,Unknown,2023,0
LU,Luxembourg,UNK,Unknown,UNK,Unknown,2024,0
LU,Luxembourg,UNK,Unknown,UNK,Unknown,2025,0
LV,Latvia,UNK,Unknown,UNK,Unknown,2021,0
LV,Latvia,UNK,Unknown,UNK,Unknown,2022,0
LV,Latvia,UNK,Unknown,UNK,Unknown,2023,0
LV,Latvia,UNK,Unknown,UNK,Unknown,2024,0
LV,Latvia,UNK,Unknown,UNK,Unknown,2025,0
MT,Malta,UNK,Unknown,UNK,Unknown,2021,0
MT,Malta,UNK,Unknown,UNK,Unknown,2022,0
MT,Malta,UNK,Unknown,UNK,Unknown,2023,0
MT,Malta,UNK,Unknown,UNK,Unknown,2024,0
MT,Malta,UNK,Unknown,UNK,Unknown,2025,0
NL,Netherlands,UNK,Unknown,UNK,Unknown,2021,0
NL,Netherlands,UNK,Unknown,UNK,Unknown,2022,0
NL,Netherlands,UNK,Unknown,UNK,Unknown,2023,0
NL,Netherlands,UNK,Unknown,UNK,Unknown,2024,0
NL,Netherlands,UNK,Unknown,UNK,Unknown,2025,0
NO,Norway,UNK,Unknown,UNK,Unknown,2021,0
NO,Norway,UNK,Unknown,UNK,Unknown,2022,0
NO,Norway,UNK,Unknown,UNK,Unknown,2023,0
NO,Norway,UNK,Unknown,UNK,Unknown,2024,0
NO,Norway,UNK,Unknown,UNK,Unknown,2025,0
PL,Poland,UNK,Unknown,UNK,Unknown,2021,0
PL,Poland,UNK,Unknown,UNK,Unknown,2022,0
PL,Poland,UNK,Unknown,UNK,Unknown,2023,0
PL,Poland,UNK,Unknown,UNK,Unknown,2024,0
PL,Poland,UNK,Unknown,UNK,Unknown,2025,0
PT,Portugal,UNK,Unknown,UNK,Unknown,2021,0
PT,Portugal,UNK,Unknown,UNK,Unknown,2022,0
PT,Portugal,UNK,Unknown,UNK,Unknown,2023,0
PT,Portugal,UNK,Unknown,UNK,Unknown,2024,0
PT,Portugal,UNK,Unknown,UNK,Unknown,2025,0
RO,Romania,UNK,Unknown,UNK,Unknown,2021,0
RO,Romania,UNK,Unknown,UNK,Unknown,2022,0
RO,Romania,UNK,Unknown,UNK,Unknown,2023,0
RO,Romania,UNK,Unknown,UNK,Unknown,2024,0
RO,Romania,UNK,Unknown,UNK,Unknown,2025,0
SE,Sweden,UNK,Unknown,UNK,Unknown,2021,0
SE,Sweden,UNK,Unknown,UNK,Unknown,2022,0
SE,Sweden,UNK,Unknown,UNK,Unknown,2023,0
SE,Sweden,UNK,Unknown,UNK,Unknown,2024,0
SE,Sweden,UNK,Unknown,UNK,Unknown,2025,0
SI,Slovenia,UNK,Unknown,UNK,Unknown,2021,0
SI,Slovenia,UNK,Unknown,UNK,Unknown,2022,0
SI,Slovenia,UNK,Unknown,UNK,Unknown,2023,0
SI,Slovenia,UNK,Unknown,UNK,Unknown,2024,0
SI,Slovenia,UNK,Unknown,UNK,Unknown,2025,0
SK,Slovakia,UNK,Unknown,UNK,Unknown,2021,0
SK,Slovakia,UNK,Unknown,UNK,Unknown,2022,0
SK,Slovakia,UNK,Unknown,UNK,Unknown,2023,0
SK,Slovakia,UNK,Unknown,UNK,Unknown,2024,0
SK,Slovakia,UNK,Unknown,UNK,Unknown,2025,0
AT,Austria,UNK,Unknown,Y14-17,From 14 to 17 years,2021,0
AT,Austria,UNK,Unknown,Y14-17,From 14 to 17 years,2022,0
AT,Austria,UNK,Unknown,Y14-17,From 14 to 17 years,2023,0
AT,Austria,UNK,Unknown,Y14-17,From 14 to 17 years,2024,0
AT,Austria,UNK,Unknown,Y14-17,From 14 to 17 years,2025,0
BE,Belgium,UNK,Unknown,Y14-17,From 14 to 17 years,2021,0
BE,Belgium,UNK,Unknown,Y14-17,From 14 to 17 years,2022,0
BE,Belgium,UNK,Unknown,Y14-17,From 14 to 17 years,2023,0
BE,Belgium,UNK,Unknown,Y14-17,From 14 to 17 years,2024,0
BE,Belgium,UNK,Unknown,Y14-17,From 14 to 17 years,2025,0
BG,Bulgaria,UNK,Unknown,Y14-17,From 14 to 17 years,2021,0
BG,Bulgaria,UNK,Unknown,Y14-17,From 14 to 17 years,2022,0
BG,Bulgaria,UNK,Unknown,Y14-17,From 14 to 17 years,2023,0
BG,Bulgaria,UNK,Unknown,Y14-17,From 14 to 17 years,2024,0
BG,Bulgaria,UNK,Unknown,Y14-17,From 14 to 17 years,2025,0
CH,Switzerland,UNK,Unknown,Y14-17,From 14 to 17 years,2022,0
CH,Switzerland,UNK,Unknown,Y14-17,From 14 to 17 years,2023,0
CH,Switzerland,UNK,Unknown,Y14-17,From 14 to 17 years,2024,0
CH,Switzerland,UNK,Unknown,Y14-17,From 14 to 17 years,2025,0
CY,Cyprus,UNK,Unknown,Y14-17,From 14 to 17 years,2021,0
CY,Cyprus,UNK,Unknown,Y14-17,From 14 to 17 years,2022,0
CY,Cyprus,UNK,Unknown,Y14-17,From 14 to 17 years,2023,0
CY,Cyprus,UNK,Unknown,Y14-17,From 14 to 17 years,2024,0
CY,Cyprus,UNK,Unknown,Y14-17,From 14 to 17 years,2025,0
CZ,Czechia,UNK,Unknown,Y14-17,From 14 to 17 years,2021,0
CZ,Czechia,UNK,Unknown,Y14-17,From 14 to 17 years,2022,0
CZ,Czechia,UNK,Unknown,Y14-17,From 14 to 17 years,2023,0
CZ,Czechia,UNK,Unknown,Y14-17,From 14 to 17 years,2024,0
CZ,Czechia,UNK,Unknown,Y14-17,From 14 to 17 years,2025,0
DE,Germany,UNK,Unknown,Y14-17,From 14 to 17 years,2021,0
DE,Germany,UNK,Unknown,Y14-17,From 14 to 17 years,2022,0
DE,Germany,UNK,Unknown,Y14-17,From 14 to 17 years,2023,0
DE,Germany,UNK,Unknown,Y14-17,From 14 to 17 years,2024,0
DE,Germany,UNK,Unknown,Y14-17,From 14 to 17 years,2025,0
DK,Denmark,UNK,Unknown,Y14-17,From 14 to 17 years,2022,0
DK,Denmark,UNK,Unknown,Y14-17,From 14 to 17 years,2023,0
DK,Denmark,UNK,Unknown,Y14-17,From 14 to 17 years,2024,0
DK,Denmark,UNK,Unknown,Y14-17,From 14 to 17 years,2025,0
EE,Estonia,UNK,Unknown,Y14-17,From 14 to 17 years,2021,0
EE,Estonia,UNK,Unknown,Y14-17,From 14 to 17 years,2022,0
EE,Estonia,UNK,Unknown,Y14-17,From 14 to 17 years,2023,0
EE,Estonia,UNK,Unknown,Y14-17,From 14 to 17 years,2024,0
EE,Estonia,UNK,Unknown,Y14-17,From 14 to 17 years,2025,0
EL,Greece,UNK,Unknown,Y14-17,From 14 to 17 years,2021,0
EL,Greece,UNK,Unknown,Y14-17,From 14 to 17 years,2022,0
EL,Greece,UNK,Unknown,Y14-17,From 14 to 17 years,2023,0
EL,Greece,UNK,Unknown,Y14-17,From 14 to 17 years,2024,0
EL,Greece,UNK,Unknown,Y14-17,From 14 to 17 years,2025,0
ES,Spain,UNK,Unknown,Y14-17,From 14 to 17 years,2021,0
ES,Spain,UNK,Unknown,Y14-17,From 14 to 17 years,2022,0
ES,Spain,UNK,Unknown,Y14-17,From 14 to 17 years,2023,0
ES,Spain,UNK,Unknown,Y14-17,From 14 to 17 years,2024,0
ES,Spain,UNK,Unknown,Y14-17,From 14 to 17 years,2025,0
EU27_2020,European Union - 27 countries (from 2020),UNK,Unknown,Y14-17,From 14 to 17 years,2021,0
EU27_2020,European Union - 27 countries (from 2020),UNK,Unknown,Y14-17,From 14 to 17 years,2022,0
EU27_2020,European Union - 27 countries (from 2020),UNK,Unknown,Y14-17,From 14 to 17 years,2023,0
EU27_2020,European Union - 27 countries (from 2020),UNK,Unknown,Y14-17,From 14 to 17 years,2024,0
EU27_2020,European Union - 27 countries (from 2020),UNK,Unknown,Y14-17,From 14 to 17 years,2025,0
FI,Finland,UNK,Unknown,Y14-17,From 14 to 17 years,2021,0
FI,Finland,UNK,Unknown,Y14-17,From 14 to 17 years,2022,0
FI,Finland,UNK,Unknown,Y14-17,From 14 to 17 years,2023,0
FI,Finland,UNK,Unknown,Y14-17,From 14 to 17 years,2024,0
FI,Finland,UNK,Unknown,Y14-17,From 14 to 17 years,2025,0
FR,France,UNK,Unknown,Y14-17,From 14 to 17 years,2021,0
FR,France,UNK,Unknown,Y14-17,From 14 to 17 years,2022,0
FR,France,UNK,Unknown,Y14-17,From 14 to 17 years,2023,0
FR,France,UNK,Unknown,Y14-17,From 14 to 17 years,2024,0
FR,France,UNK,Unknown,Y14-17,From 14 to 17 years,2025,0
HR,Croatia,UNK,Unknown,Y14-17,From 14 to 17 years,2021,0
HR,Croatia,UNK,Unknown,Y14-17,From 14 to 17 years,2022,0
HR,Croatia,UNK,Unknown,Y14-17,From 14 to 17 years,2023,0
HR,Croatia,UNK,Unknown,Y14-17,From 14 to 17 years,2024,0
HR,Croatia,UNK,Unknown,Y14-17,From 14 to 17 years,2025,0
HU,Hungary,UNK,Unknown,Y14-17,From 14 to 17 years,2021,0
HU,Hungary,UNK,Unknown,Y14-17,From 14 to 17 years,2022,0
HU,Hungary,UNK,Unknown,Y14-17,From 14 to 17 years,2023,0
HU,Hungary,UNK,Unknown,Y14-17,From 14 to 17 years,2024,0
HU,Hungary,UNK,Unknown,Y14-17,From 14 to 17 years,2025,0
IE,Ireland,UNK,Unknown,Y14-17,From 14 to 17 years,2021,0
IE,Ireland,UNK,Unknown,Y14-17,From 14 to 17 years,2022,0
IE,Ireland,UNK,Unknown,Y14-17,From 14 to 17 years,2023,0
IE,Ireland,UNK,Unknown,Y14-17,From 14 to 17 years,2024,0
IE,Ireland,UNK,Unknown,Y14-17,From 14 to 17 years,2025,0
IS,Iceland,UNK,Unknown,Y14-17,From 14 to 17 years,2021,0
IS,Iceland,UNK,Unknown,Y14-17,From 14 to 17 years,2022,0
IS,Iceland,UNK,Unknown,Y14-17,From 14 to 17 years,2023,0
IS,Iceland,UNK,Unknown,Y14-17,From 14 to 17 years,2024,0
IS,Iceland,UNK,Unknown,Y14-17,From 14 to 17 years,2025,0
IT,Italy,UNK,Unknown,Y14-17,From 14 to 17 years,2021,0
IT,Italy,UNK,Unknown,Y14-17,From 14 to 17 years,2022,0
IT,Italy,UNK,Unknown,Y14-17,From 14 to 17 years,2023,0
IT,Italy,UNK,Unknown,Y14-17,From 14 to 17 years,2024,0
IT,Italy,UNK,Unknown,Y14-17,From 14 to 17 years,2025,0
LI,Liechtenstein,UNK,Unknown,Y14-17,From 14 to 17 years,2021,0
LI,Liechtenstein,UNK,Unknown,Y14-17,From 14 to 17 years,2022,0
LI,Liechtenstein,UNK,Unknown,Y14-17,From 14 to 17 years,2023,0
LI,Liechtenstein,UNK,Unknown,Y14-17,From 14 to 17 years,2024,0
LI,Liechtenstein,UNK,Unknown,Y14-17,From 14 to 17 years,2025,0
LT,Lithuania,UNK,Unknown,Y14-17,From 14 to 17 years,2021,0
LT,Lithuania,UNK,Unknown,Y14-17,From 14 to 17 years,2022,0
LT,Lithuania,UNK,Unknown,Y14-17,From 14 to 17 years,2023,0
LT,Lithuania,UNK,Unknown,Y14-17,From 14 to 17 years,2024,0
LT,Lithuania,UNK,Unknown,Y14-17,From 14 to 17 years,2025,0
LU,Luxembourg,UNK,Unknown,Y14-17,From 14 to 17 years,2021,0
LU,Luxembourg,UNK,Unknown,Y14-17,From 14 to 17 years,2022,0
LU,Luxembourg,UNK,Unknown,Y14-17,From 14 to 17 years,2023,0
LU,Luxembourg,UNK,Unknown,Y14-17,From 14 to 17 years,2024,0
LU,Luxembourg,UNK,Unknown,Y14-17,From 14 to 17 years,2025,0
LV,Latvia,UNK,Unknown,Y14-17,From 14 to 17 years,2021,0
LV,Latvia,UNK,Unknown,Y14-17,From 14 to 17 years,2022,0
LV,Latvia,UNK,Unknown,Y14-17,From 14 to 17 years,2023,0
LV,Latvia,UNK,Unknown,Y14-17,From 14 to 17 years,2024,0
LV,Latvia,UNK,Unknown,Y14-17,From 14 to 17 years,2025,0
MT,Malta,UNK,Unknown,Y14-17,From 14 to 17 years,2021,0
MT,Malta,UNK,Unknown,Y14-17,From 14 to 17 years,2022,0
MT,Malta,UNK,Unknown,Y14-17,From 14 to 17 years,2023,0
MT,Malta,UNK,Unknown,Y14-17,From 14 to 17 years,2024,0
MT,Malta,UNK,Unknown,Y14-17,From 14 to 17 years,2025,0
NL,Netherlands,UNK,Unknown,Y14-17,From 14 to 17 years,2021,0
NL,Netherlands,UNK,Unknown,Y14-17,From 14 to 17 years,2022,0
NL,Netherlands,UNK,Unknown,Y14-17,From 14 to 17 years,2023,0
NL,Netherlands,UNK,Unknown,Y14-17,From 14 to 17 years,2024,0
NL,Netherlands,UNK,Unknown,Y14-17,From 14 to 17 years,2025,0
NO,Norway,UNK,Unknown,Y14-17,From 14 to 17 years,2021,0
NO,Norway,UNK,Unknown,Y14-17,From 14 to 17 years,2022,0
NO,Norway,UNK,Unknown,Y14-17,From 14 to 17 years,2023,0
NO,Norway,UNK,Unknown,Y14-17,From 14 to 17 years,2024,0
NO,Norway,UNK,Unknown,Y14-17,From 14 to 17 years,2025,0
PL,Poland,UNK,Unknown,Y14-17,From 14 to 17 years,2021,0
PL,Poland,UNK,Unknown,Y14-17,From 14 to 17 years,2022,0
PL,Poland,UNK,Unknown,Y14-17,From 14 to 17 years,2023,0
PL,Poland,UNK,Unknown,Y14-17,From 14 to 17 years,2024,0
PL,Poland,UNK,Unknown,Y14-17,From 14 to 17 years,2025,0
PT,Portugal,UNK,Unknown,Y14-17,From 14 to 17 years,2021,0
PT,Portugal,UNK,Unknown,Y14-17,From 14 to 17 years,2022,0
PT,Portugal,UNK,Unknown,Y14-17,From 14 to 17 years,2023,0
PT,Portugal,UNK,Unknown,Y14-17,From 14 to 17 years,2024,0
PT,Portugal,UNK,Unknown,Y14-17,From 14 to 17 years,2025,0
RO,Romania,UNK,Unknown,Y14-17,From 14 to 17 years,2022,0
RO,Romania,UNK,Unknown,Y14-17,From 14 to 17 years,2023,0
RO,Romania,UNK,Unknown,Y14-17,From 14 to 17 years,2024,0
RO,Romania,UNK,Unknown,Y14-17,From 14 to 17 years,2025,0
SE,Sweden,UNK,Unknown,Y14-17,From 14 to 17 years,2021,0
SE,Sweden,UNK,Unknown,Y14-17,From 14 to 17 years,2022,0
SE,Sweden,UNK,Unknown,Y14-17,From 14 to 17 years,2023,0
SE,Sweden,UNK,Unknown,Y14-17,From 14 to 17 years,2024,0
SE,Sweden,UNK,Unknown,Y14-17,From 14 to 17 years,2025,0
SI,Slovenia,UNK,Unknown,Y14-17,From 14 to 17 years,2021,0
SI,Slovenia,UNK,Unknown,Y14-17,From 14 to 17 years,2022,0
SI,Slovenia,UNK,Unknown,Y14-17,From 14 to 17 years,2023,0
SI,Slovenia,UNK,Unknown,Y14-17,From 14 to 17 years,2024,0
SI,Slovenia,UNK,Unknown,Y14-17,From 14 to 17 years,2025,0
SK,Slovakia,UNK,Unknown,Y14-17,From 14 to 17 years,2021,0
SK,Slovakia,UNK,Unknown,Y14-17,From 14 to 17 years,2022,0
SK,Slovakia,UNK,Unknown,Y14-17,From 14 to 17 years,2023,0
SK,Slovakia,UNK,Unknown,Y14-17,From 14 to 17 years,2024,0
SK,Slovakia,UNK,Unknown,Y14-17,From 14 to 17 years,2025,0
AT,Austria,UNK,Unknown,Y18-34,From 18 to 34 years,2021,0
AT,Austria,UNK,Unknown,Y18-34,From 18 to 34 years,2022,0
AT,Austria,UNK,Unknown,Y18-34,From 18 to 34 years,2023,0
AT,Austria,UNK,Unknown,Y18-34,From 18 to 34 years,2024,0
AT,Austria,UNK,Unknown,Y18-34,From 18 to 34 years,2025,0
BE,Belgium,UNK,Unknown,Y18-34,From 18 to 34 years,2021,0
BE,Belgium,UNK,Unknown,Y18-34,From 18 to 34 years,2022,0
BE,Belgium,UNK,Unknown,Y18-34,From 18 to 34 years,2023,0
BE,Belgium,UNK,Unknown,Y18-34,From 18 to 34 years,2024,0
BE,Belgium,UNK,Unknown,Y18-34,From 18 to 34 years,2025,0
BG,Bulgaria,UNK,Unknown,Y18-34,From 18 to 34 years,2021,0
BG,Bulgaria,UNK,Unknown,Y18-34,From 18 to 34 years,2022,0
BG,Bulgaria,UNK,Unknown,Y18-34,From 18 to 34 years,2023,0
BG,Bulgaria,UNK,Unknown,Y18-34,From 18 to 34 years,2024,0
BG,Bulgaria,UNK,Unknown,Y18-34,From 18 to 34 years,2025,0
CH,Switzerland,UNK,Unknown,Y18-34,From 18 to 34 years,2021,0
CH,Switzerland,UNK,Unknown,Y18-34,From 18 to 34 years,2022,0
CH,Switzerland,UNK,Unknown,Y18-34,From 18 to 34 years,2023,0
CH,Switzerland,UNK,Unknown,Y18-34,From 18 to 34 years,2024,0
CH,Switzerland,UNK,Unknown,Y18-34,From 18 to 34 years,2025,0
CY,Cyprus,UNK,Unknown,Y18-34,From 18 to 34 years,2021,0
CY,Cyprus,UNK,Unknown,Y18-34,From 18 to 34 years,2022,0
CY,Cyprus,UNK,Unknown,Y18-34,From 18 to 34 years,2023,0
CY,Cyprus,UNK,Unknown,Y18-34,From 18 to 34 years,2024,0
CY,Cyprus,UNK,Unknown,Y18-34,From 18 to 34 years,2025,0
CZ,Czechia,UNK,Unknown,Y18-34,From 18 to 34 years,2021,0
CZ,Czechia,UNK,Unknown,Y18-34,From 18 to 34 years,2022,0
CZ,Czechia,UNK,Unknown,Y18-34,From 18 to 34 years,2023,0
CZ,Czechia,UNK,Unknown,Y18-34,From 18 to 34 years,2024,0
CZ,Czechia,UNK,Unknown,Y18-34,From 18 to 34 years,2025,0
DE,Germany,UNK,Unknown,Y18-34,From 18 to 34 years,2021,0
DE,Germany,UNK,Unknown,Y18-34,From 18 to 34 years,2022,0
DE,Germany,UNK,Unknown,Y18-34,From 18 to 34 years,2023,0
DE,Germany,UNK,Unknown,Y18-34,From 18 to 34 years,2024,0
DE,Germany,UNK,Unknown,Y18-34,From 18 to 34 years,2025,0
DK,Denmark,UNK,Unknown,Y18-34,From 18 to 34 years,2021,0
DK,Denmark,UNK,Unknown,Y18-34,From 18 to 34 years,2022,0
DK,Denmark,UNK,Unknown,Y18-34,From 18 to 34 years,2023,0
DK,Denmark,UNK,Unknown,Y18-34,From 18 to 34 years,2024,0
DK,Denmark,UNK,Unknown,Y18-34,From 18 to 34 years,2025,0
EE,Estonia,UNK,Unknown,Y18-34,From 18 to 34 years,2021,0
EE,Estonia,UNK,Unknown,Y18-34,From 18 to 34 years,2022,0
EE,Estonia,UNK,Unknown,Y18-34,From 18 to 34 years,2023,0
EE,Estonia,UNK,Unknown,Y18-34,From 18 to 34 years,2024,0
EE,Estonia,UNK,Unknown,Y18-34,From 18 to 34 years,2025,0
EL,Greece,UNK,Unknown,Y18-34,From 18 to 34 years,2021,0
EL,Greece,UNK,Unknown,Y18-34,From 18 to 34 years,2022,0
EL,Greece,UNK,Unknown,Y18-34,From 18 to 34 years,2023,0
EL,Greece,UNK,Unknown,Y18-34,From 18 to 34 years,2024,0
EL,Greece,UNK,Unknown,Y18-34,From 18 to 34 years,2025,0
ES,Spain,UNK,Unknown,Y18-34,From 18 to 34 years,2021,0
ES,Spain,UNK,Unknown,Y18-34,From 18 to 34 years,2022,0
ES,Spain,UNK,Unknown,Y18-34,From 18 to 34 years,2023,0
ES,Spain,UNK,Unknown,Y18-34,From 18 to 34 years,2024,0
ES,Spain,UNK,Unknown,Y18-34,From 18 to 34 years,2025,0
EU27_2020,European Union - 27 countries (from 2020),UNK,Unknown,Y18-34,From 18 to 34 years,2021,0
EU27_2020,European Union - 27 countries (from 2020),UNK,Unknown,Y18-34,From 18 to 34 years,2022,25
EU27_2020,European Union - 27 countries (from 2020),UNK,Unknown,Y18-34,From 18 to 34 years,2023,0
EU27_2020,European Union - 27 countries (from 2020),UNK,Unknown,Y18-34,From 18 to 34 years,2024,0
EU27_2020,European Union - 27 countries (from 2020),UNK,Unknown,Y18-34,From 18 to 34 years,2025,0
FI,Finland,UNK,Unknown,Y18-34,From 18 to 34 years,2021,0
FI,Finland,UNK,Unknown,Y18-34,From 18 to 34 years,2022,0
FI,Finland,UNK,Unknown,Y18-34,From 18 to 34 years,2023,0
FI,Finland,UNK,Unknown,Y18-34,From 18 to 34 years,2024,0
FI,Finland,UNK,Unknown,Y18-34,From 18 to 34 years,2025,0
FR,France,UNK,Unknown,Y18-34,From 18 to 34 years,2021,0
FR,France,UNK,Unknown,Y18-34,From 18 to 34 years,2022,0
FR,France,UNK,Unknown,Y18-34,From 18 to 34 years,2023,0
FR,France,UNK,Unknown,Y18-34,From 18 to 34 years,2024,0
FR,France,UNK,Unknown,Y18-34,From 18 to 34 years,2025,0
HR,Croatia,UNK,Unknown,Y18-34,From 18 to 34 years,2021,0
HR,Croatia,UNK,Unknown,Y18-34,From 18 to 34 years,2022,0
HR,Croatia,UNK,Unknown,Y18-34,From 18 to 34 years,2023,0
HR,Croatia,UNK,Unknown,Y18-34,From 18 to 34 years,2024,0
HR,Croatia,UNK,Unknown,Y18-34,From 18 to 34 years,2025,0
HU,Hungary,UNK,Unknown,Y18-34,From 18 to 34 years,2021,0
HU,Hungary,UNK,Unknown,Y18-34,From 18 to 34 years,2022,0
HU,Hungary,UNK,Unknown,Y18-34,From 18 to 34 years,2023,0
HU,Hungary,UNK,Unknown,Y18-34,From 18 to 34 years,2024,0
HU,Hungary,UNK,Unknown,Y18-34,From 18 to 34 years,2025,0
IE,Ireland,UNK,Unknown,Y18-34,From 18 to 34 years,2021,0
IE,Ireland,UNK,Unknown,Y18-34,From 18 to 34 years,2022,0
IE,Ireland,UNK,Unknown,Y18-34,From 18 to 34 years,2023,0
IE,Ireland,UNK,Unknown,Y18-34,From 18 to 34 years,2024,0
IE,Ireland,UNK,Unknown,Y18-34,From 18 to 34 years,2025,0
IS,Iceland,UNK,Unknown,Y18-34,From 18 to 34 years,2021,0
IS,Iceland,UNK,Unknown,Y18-34,From 18 to 34 years,2022,0
IS,Iceland,UNK,Unknown,Y18-34,From 18 to 34 years,2023,0
IS,Iceland,UNK,Unknown,Y18-34,From 18 to 34 years,2024,0
IS,Iceland,UNK,Unknown,Y18-34,From 18 to 34 years,2025,0
IT,Italy,UNK,Unknown,Y18-34,From 18 to 34 years,2021,0
IT,Italy,UNK,Unknown,Y18-34,From 18 to 34 years,2022,25
IT,Italy,UNK,Unknown,Y18-34,From 18 to 34 years,2023,0
IT,Italy,UNK,Unknown,Y18-34,From 18 to 34 years,2024,0
IT,Italy,UNK,Unknown,Y18-34,From 18 to 34 years,2025,0
LI,Liechtenstein,UNK,Unknown,Y18-34,From 18 to 34 years,2021,0
LI,Liechtenstein,UNK,Unknown,Y18-34,From 18 to 34 years,2022,0
LI,Liechtenstein,UNK,Unknown,Y18-34,From 18 to 34 years,2023,0
LI,Liechtenstein,UNK,Unknown,Y18-34,From 18 to 34 years,2024,0
LI,Liechtenstein,UNK,Unknown,Y18-34,From 18 to 34 years,2025,0
LT,Lithuania,UNK,Unknown,Y18-34,From 18 to 34 years,2021,0
LT,Lithuania,UNK,Unknown,Y18-34,From 18 to 34 years,2022,0
LT,Lithuania,UNK,Unknown,Y18-34,From 18 to 34 years,2023,0
LT,Lithuania,UNK,Unknown,Y18-34,From 18 to 34 years,2024,0
LT,Lithuania,UNK,Unknown,Y18-34,From 18 to 34 years,2025,0
LU,Luxembourg,UNK,Unknown,Y18-34,From 18 to 34 years,2021,0
LU,Luxembourg,UNK,Unknown,Y18-34,From 18 to 34 years,2022,0
LU,Luxembourg,UNK,Unknown,Y18-34,From 18 to 34 years,2023,0
LU,Luxembourg,UNK,Unknown,Y18-34,From 18 to 34 years,2024,0
LU,Luxembourg,UNK,Unknown,Y18-34,From 18 to 34 years,2025,0
LV,Latvia,UNK,Unknown,Y18-34,From 18 to 34 years,2021,0
LV,Latvia,UNK,Unknown,Y18-34,From 18 to 34 years,2022,0
LV,Latvia,UNK,Unknown,Y18-34,From 18 to 34 years,2023,0
LV,Latvia,UNK,Unknown,Y18-34,From 18 to 34 years,2024,0
LV,Latvia,UNK,Unknown,Y18-34,From 18 to 34 years,2025,0
MT,Malta,UNK,Unknown,Y18-34,From 18 to 34 years,2021,0
MT,Malta,UNK,Unknown,Y18-34,From 18 to 34 years,2022,0
MT,Malta,UNK,Unknown,Y18-34,From 18 to 34 years,2023,0
MT,Malta,UNK,Unknown,Y18-34,From 18 to 34 years,2024,0
MT,Malta,UNK,Unknown,Y18-34,From 18 to 34 years,2025,0
NL,Netherlands,UNK,Unknown,Y18-34,From 18 to 34 years,2021,0
NL,Netherlands,UNK,Unknown,Y18-34,From 18 to 34 years,2022,0
NL,Netherlands,UNK,Unknown,Y18-34,From 18 to 34 years,2023,0
NL,Netherlands,UNK,Unknown,Y18-34,From 18 to 34 years,2024,0
NL,Netherlands,UNK,Unknown,Y18-34,From 18 to 34 years,2025,0
NO,Norway,UNK,Unknown,Y18-34,From 18 to 34 years,2021,0
NO,Norway,UNK,Unknown,Y18-34,From 18 to 34 years,2022,0
NO,Norway,UNK,Unknown,Y18-34,From 18 to 34 years,2023,0
NO,Norway,UNK,Unknown,Y18-34,From 18 to 34 years,2024,0
NO,Norway,UNK,Unknown,Y18-34,From 18 to 34 years,2025,0
PL,Poland,UNK,Unknown,Y18-34,From 18 to 34 years,2021,0
PL,Poland,UNK,Unknown,Y18-34,From 18 to 34 years,2022,0
PL,Poland,UNK,Unknown,Y18-34,From 18 to 34 years,2023,0
PL,Poland,UNK,Unknown,Y18-34,From 18 to 34 years,2024,0
PL,Poland,UNK,Unknown,Y18-34,From 18 to 34 years,2025,0
PT,Portugal,UNK,Unknown,Y18-34,From 18 to 34 years,2021,0
PT,Portugal,UNK,Unknown,Y18-34,From 18 to 34 years,2022,0
PT,Portugal,UNK,Unknown,Y18-34,From 18 to 34 years,2023,0
PT,Portugal,UNK,Unknown,Y18-34,From 18 to 34 years,2024,0
PT,Portugal,UNK,Unknown,Y18-34,From 18 to 34 years,2025,0
RO,Romania,UNK,Unknown,Y18-34,From 18 to 34 years,2021,0
RO,Romania,UNK,Unknown,Y18-34,From 18 to 34 years,2022,0
RO,Romania,UNK,Unknown,Y18-34,From 18 to 34 years,2023,0
RO,Romania,UNK,Unknown,Y18-34,From 18 to 34 years,2024,0
RO,Romania,UNK,Unknown,Y18-34,From 18 to 34 years,2025,0
SE,Sweden,UNK,Unknown,Y18-34,From 18 to 34 years,2021,0
SE,Sweden,UNK,Unknown,Y18-34,From 18 to 34 years,2022,0
SE,Sweden,UNK,Unknown,Y18-34,From 18 to 34 years,2023,0
SE,Sweden,UNK,Unknown,Y18-34,From 18 to 34 years,2024,0
SE,Sweden,UNK,Unknown,Y18-34,From 18 to 34 years,2025,0
SI,Slovenia,UNK,Unknown,Y18-34,From 18 to 34 years,2021,0
SI,Slovenia,UNK,Unknown,Y18-34,From 18 to 34 years,2022,0
SI,Slovenia,UNK,Unknown,Y18-34,From 18 to 34 years,2023,0
SI,Slovenia,UNK,Unknown,Y18-34,From 18 to 34 years,2024,0
SI,Slovenia,UNK,Unknown,Y18-34,From 18 to 34 years,2025,0
SK,Slovakia,UNK,Unknown,Y18-34,From 18 to 34 years,2021,0
SK,Slovakia,UNK,Unknown,Y18-34,From 18 to 34 years,2022,0
SK,Slovakia,UNK,Unknown,Y18-34,From 18 to 34 years,2023,0
SK,Slovakia,UNK,Unknown,Y18-34,From 18 to 34 years,2024,0
SK,Slovakia,UNK,Unknown,Y18-34,From 18 to 34 years,2025,0
AT,Austria,UNK,Unknown,Y35-64,From 35 to 64 years,2021,0
AT,Austria,UNK,Unknown,Y35-64,From 35 to 64 years,2022,0
AT,Austria,UNK,Unknown,Y35-64,From 35 to 64 years,2023,0
AT,Austria,UNK,Unknown,Y35-64,From 35 to 64 years,2024,0
AT,Austria,UNK,Unknown,Y35-64,From 35 to 64 years,2025,0
BE,Belgium,UNK,Unknown,Y35-64,From 35 to 64 years,2021,0
BE,Belgium,UNK,Unknown,Y35-64,From 35 to 64 years,2022,0
BE,Belgium,UNK,Unknown,Y35-64,From 35 to 64 years,2023,0
BE,Belgium,UNK,Unknown,Y35-64,From 35 to 64 years,2024,0
BE,Belgium,UNK,Unknown,Y35-64,From 35 to 64 years,2025,0
BG,Bulgaria,UNK,Unknown,Y35-64,From 35 to 64 years,2021,0
BG,Bulgaria,UNK,Unknown,Y35-64,From 35 to 64 years,2022,0
BG,Bulgaria,UNK,Unknown,Y35-64,From 35 to 64 years,2023,0
BG,Bulgaria,UNK,Unknown,Y35-64,From 35 to 64 years,2024,0
BG,Bulgaria,UNK,Unknown,Y35-64,From 35 to 64 years,2025,0
CH,Switzerland,UNK,Unknown,Y35-64,From 35 to 64 years,2021,0
CH,Switzerland,UNK,Unknown,Y35-64,From 35 to 64 years,2022,0
CH,Switzerland,UNK,Unknown,Y35-64,From 35 to 64 years,2023,0
CH,Switzerland,UNK,Unknown,Y35-64,From 35 to 64 years,2024,0
CH,Switzerland,UNK,Unknown,Y35-64,From 35 to 64 years,2025,0
CY,Cyprus,UNK,Unknown,Y35-64,From 35 to 64 years,2021,0
CY,Cyprus,UNK,Unknown,Y35-64,From 35 to 64 years,2022,0
CY,Cyprus,UNK,Unknown,Y35-64,From 35 to 64 years,2023,0
CY,Cyprus,UNK,Unknown,Y35-64,From 35 to 64 years,2024,0
CY,Cyprus,UNK,Unknown,Y35-64,From 35 to 64 years,2025,0
CZ,Czechia,UNK,Unknown,Y35-64,From 35 to 64 years,2021,0
CZ,Czechia,UNK,Unknown,Y35-64,From 35 to 64 years,2022,0
CZ,Czechia,UNK,Unknown,Y35-64,From 35 to 64 years,2023,0
CZ,Czechia,UNK,Unknown,Y35-64,From 35 to 64 years,2024,0
CZ,Czechia,UNK,Unknown,Y35-64,From 35 to 64 years,2025,0
DE,Germany,UNK,Unknown,Y35-64,From 35 to 64 years,2021,0
DE,Germany,UNK,Unknown,Y35-64,From 35 to 64 years,2022,0
DE,Germany,UNK,Unknown,Y35-64,From 35 to 64 years,2023,0
DE,Germany,UNK,Unknown,Y35-64,From 35 to 64 years,2024,0
DE,Germany,UNK,Unknown,Y35-64,From 35 to 64 years,2025,0
DK,Denmark,UNK,Unknown,Y35-64,From 35 to 64 years,2021,0
DK,Denmark,UNK,Unknown,Y35-64,From 35 to 64 years,2022,0
DK,Denmark,UNK,Unknown,Y35-64,From 35 to 64 years,2023,0
DK,Denmark,UNK,Unknown,Y35-64,From 35 to 64 years,2024,0
DK,Denmark,UNK,Unknown,Y35-64,From 35 to 64 years,2025,0
EE,Estonia,UNK,Unknown,Y35-64,From 35 to 64 years,2021,0
EE,Estonia,UNK,Unknown,Y35-64,From 35 to 64 years,2022,0
EE,Estonia,UNK,Unknown,Y35-64,From 35 to 64 years,2023,0
EE,Estonia,UNK,Unknown,Y35-64,From 35 to 64 years,2024,0
EE,Estonia,UNK,Unknown,Y35-64,From 35 to 64 years,2025,0
EL,Greece,UNK,Unknown,Y35-64,From 35 to 64 years,2021,0
EL,Greece,UNK,Unknown,Y35-64,From 35 to 64 years,2022,0
EL,Greece,UNK,Unknown,Y35-64,From 35 to 64 years,2023,0
EL,Greece,UNK,Unknown,Y35-64,From 35 to 64 years,2024,0
EL,Greece,UNK,Unknown,Y35-64,From 35 to 64 years,2025,0
ES,Spain,UNK,Unknown,Y35-64,From 35 to 64 years,2021,0
ES,Spain,UNK,Unknown,Y35-64,From 35 to 64 years,2022,0
ES,Spain,UNK,Unknown,Y35-64,From 35 to 64 years,2023,0
ES,Spain,UNK,Unknown,Y35-64,From 35 to 64 years,2024,0
ES,Spain,UNK,Unknown,Y35-64,From 35 to 64 years,2025,0
EU27_2020,European Union - 27 countries (from 2020),UNK,Unknown,Y35-64,From 35 to 64 years,2021,0
EU27_2020,European Union - 27 countries (from 2020),UNK,Unknown,Y35-64,From 35 to 64 years,2022,5
EU27_2020,European Union - 27 countries (from 2020),UNK,Unknown,Y35-64,From 35 to 64 years,2023,0
EU27_2020,European Union - 27 countries (from 2020),UNK,Unknown,Y35-64,From 35 to 64 years,2024,0
EU27_2020,European Union - 27 countries (from 2020),UNK,Unknown,Y35-64,From 35 to 64 years,2025,0
FI,Finland,UNK,Unknown,Y35-64,From 35 to 64 years,2021,0
FI,Finland,UNK,Unknown,Y35-64,From 35 to 64 years,2022,0
FI,Finland,UNK,Unknown,Y35-64,From 35 to 64 years,2023,0
FI,Finland,UNK,Unknown,Y35-64,From 35 to 64 years,2024,0
FI,Finland,UNK,Unknown,Y35-64,From 35 to 64 years,2025,0
FR,France,UNK,Unknown,Y35-64,From 35 to 64 years,2021,0
FR,France,UNK,Unknown,Y35-64,From 35 to 64 years,2022,0
FR,France,UNK,Unknown,Y35-64,From 35 to 64 years,2023,0
FR,France,UNK,Unknown,Y35-64,From 35 to 64 years,2024,0
FR,France,UNK,Unknown,Y35-64,From 35 to 64 years,2025,0
HR,Croatia,UNK,Unknown,Y35-64,From 35 to 64 years,2021,0
HR,Croatia,UNK,Unknown,Y35-64,From 35 to 64 years,2022,0
HR,Croatia,UNK,Unknown,Y35-64,From 35 to 64 years,2023,0
HR,Croatia,UNK,Unknown,Y35-64,From 35 to 64 years,2024,0
HR,Croatia,UNK,Unknown,Y35-64,From 35 to 64 years,2025,0
HU,Hungary,UNK,Unknown,Y35-64,From 35 to 64 years,2021,0
HU,Hungary,UNK,Unknown,Y35-64,From 35 to 64 years,2022,0
HU,Hungary,UNK,Unknown,Y35-64,From 35 to 64 years,2023,0
HU,Hungary,UNK,Unknown,Y35-64,From 35 to 64 years,2024,0
HU,Hungary,UNK,Unknown,Y35-64,From 35 to 64 years,2025,0
IE,Ireland,UNK,Unknown,Y35-64,From 35 to 64 years,2021,0
IE,Ireland,UNK,Unknown,Y35-64,From 35 to 64 years,2022,0
IE,Ireland,UNK,Unknown,Y35-64,From 35 to 64 years,2023,0
IE,Ireland,UNK,Unknown,Y35-64,From 35 to 64 years,2024,0
IE,Ireland,UNK,Unknown,Y35-64,From 35 to 64 years,2025,0
IS,Iceland,UNK,Unknown,Y35-64,From 35 to 64 years,2021,0
IS,Iceland,UNK,Unknown,Y35-64,From 35 to 64 years,2022,0
IS,Iceland,UNK,Unknown,Y35-64,From 35 to 64 years,2023,0
IS,Iceland,UNK,Unknown,Y35-64,From 35 to 64 years,2024,0
IS,Iceland,UNK,Unknown,Y35-64,From 35 to 64 years,2025,0
IT,Italy,UNK,Unknown,Y35-64,From 35 to 64 years,2021,0
IT,Italy,UNK,Unknown,Y35-64,From 35 to 64 years,2022,5
IT,Italy,UNK,Unknown,Y35-64,From 35 to 64 years,2023,0
IT,Italy,UNK,Unknown,Y35-64,From 35 to 64 years,2024,0
IT,Italy,UNK,Unknown,Y35-64,From 35 to 64 years,2025,0
LI,Liechtenstein,UNK,Unknown,Y35-64,From 35 to 64 years,2021,0
LI,Liechtenstein,UNK,Unknown,Y35-64,From 35 to 64 years,2022,0
LI,Liechtenstein,UNK,Unknown,Y35-64,From 35 to 64 years,2023,0
LI,Liechtenstein,UNK,Unknown,Y35-64,From 35 to 64 years,2024,0
LI,Liechtenstein,UNK,Unknown,Y35-64,From 35 to 64 years,2025,0
LT,Lithuania,UNK,Unknown,Y35-64,From 35 to 64 years,2021,0
LT,Lithuania,UNK,Unknown,Y35-64,From 35 to 64 years,2022,0
LT,Lithuania,UNK,Unknown,Y35-64,From 35 to 64 years,2023,0
LT,Lithuania,UNK,Unknown,Y35-64,From 35 to 64 years,2024,0
LT,Lithuania,UNK,Unknown,Y35-64,From 35 to 64 years,2025,0
LU,Luxembourg,UNK,Unknown,Y35-64,From 35 to 64 years,2021,0
LU,Luxembourg,UNK,Unknown,Y35-64,From 35 to 64 years,2022,0
LU,Luxembourg,UNK,Unknown,Y35-64,From 35 to 64 years,2023,0
LU,Luxembourg,UNK,Unknown,Y35-64,From 35 to 64 years,2024,0
LU,Luxembourg,UNK,Unknown,Y35-64,From 35 to 64 years,2025,0
LV,Latvia,UNK,Unknown,Y35-64,From 35 to 64 years,2021,0
LV,Latvia,UNK,Unknown,Y35-64,From 35 to 64 years,2022,0
LV,Latvia,UNK,Unknown,Y35-64,From 35 to 64 years,2023,0
LV,Latvia,UNK,Unknown,Y35-64,From 35 to 64 years,2024,0
LV,Latvia,UNK,Unknown,Y35-64,From 35 to 64 years,2025,0
MT,Malta,UNK,Unknown,Y35-64,From 35 to 64 years,2021,0
MT,Malta,UNK,Unknown,Y35-64,From 35 to 64 years,2022,0
MT,Malta,UNK,Unknown,Y35-64,From 35 to 64 years,2023,0
MT,Malta,UNK,Unknown,Y35-64,From 35 to 64 years,2024,0
MT,Malta,UNK,Unknown,Y35-64,From 35 to 64 years,2025,0
NL,Netherlands,UNK,Unknown,Y35-64,From 35 to 64 years,2021,0
NL,Netherlands,UNK,Unknown,Y35-64,From 35 to 64 years,2022,0
NL,Netherlands,UNK,Unknown,Y35-64,From 35 to 64 years,2023,0
NL,Netherlands,UNK,Unknown,Y35-64,From 35 to 64 years,2024,0
NL,Netherlands,UNK,Unknown,Y35-64,From 35 to 64 years,2025,0
NO,Norway,UNK,Unknown,Y35-64,From 35 to 64 years,2021,0
NO,Norway,UNK,Unknown,Y35-64,From 35 to 64 years,2022,0
NO,Norway,UNK,Unknown,Y35-64,From 35 to 64 years,2023,0
NO,Norway,UNK,Unknown,Y35-64,From 35 to 64 years,2024,0
NO,Norway,UNK,Unknown,Y35-64,From 35 to 64 years,2025,0
PL,Poland,UNK,Unknown,Y35-64,From 35 to 64 years,2021,0
PL,Poland,UNK,Unknown,Y35-64,From 35 to 64 years,2022,0
PL,Poland,UNK,Unknown,Y35-64,From 35 to 64 years,2023,0
PL,Poland,UNK,Unknown,Y35-64,From 35 to 64 years,2024,0
PL,Poland,UNK,Unknown,Y35-64,From 35 to 64 years,2025,0
PT,Portugal,UNK,Unknown,Y35-64,From 35 to 64 years,2021,0
PT,Portugal,UNK,Unknown,Y35-64,From 35 to 64 years,2022,0
PT,Portugal,UNK,Unknown,Y35-64,From 35 to 64 years,2023,0
PT,Portugal,UNK,Unknown,Y35-64,From 35 to 64 years,2024,0
PT,Portugal,UNK,Unknown,Y35-64,From 35 to 64 years,2025,0
RO,Romania,UNK,Unknown,Y35-64,From 35 to 64 years,2021,0
RO,Romania,UNK,Unknown,Y35-64,From 35 to 64 years,2022,0
RO,Romania,UNK,Unknown,Y35-64,From 35 to 64 years,2023,0
RO,Romania,UNK,Unknown,Y35-64,From 35 to 64 years,2024,0
RO,Romania,UNK,Unknown,Y35-64,From 35 to 64 years,2025,0
SE,Sweden,UNK,Unknown,Y35-64,From 35 to 64 years,2021,0
SE,Sweden,UNK,Unknown,Y35-64,From 35 to 64 years,2022,0
SE,Sweden,UNK,Unknown,Y35-64,From 35 to 64 years,2023,0
SE,Sweden,UNK,Unknown,Y35-64,From 35 to 64 years,2024,0
SE,Sweden,UNK,Unknown,Y35-64,From 35 to 64 years,2025,0
SI,Slovenia,UNK,Unknown,Y35-64,From 35 to 64 years,2021,0
SI,Slovenia,UNK,Unknown,Y35-64,From 35 to 64 years,2022,0
SI,Slovenia,UNK,Unknown,Y35-64,From 35 to 64 years,2023,0
SI,Slovenia,UNK,Unknown,Y35-64,From 35 to 64 years,2024,0
SI,Slovenia,UNK,Unknown,Y35-64,From 35 to 64 years,2025,0
SK,Slovakia,UNK,Unknown,Y35-64,From 35 to 64 years,2021,0
SK,Slovakia,UNK,Unknown,Y35-64,From 35 to 64 years,2022,0
SK,Slovakia,UNK,Unknown,Y35-64,From 35 to 64 years,2023,0
SK,Slovakia,UNK,Unknown,Y35-64,From 35 to 64 years,2024,0
SK,Slovakia,UNK,Unknown,Y35-64,From 35 to 64 years,2025,0
AT,Austria,UNK,Unknown,Y_GE65,65 years or over,2021,0
AT,Austria,UNK,Unknown,Y_GE65,65 years or over,2022,0
AT,Austria,UNK,Unknown,Y_GE65,65 years or over,2023,0
AT,Austria,UNK,Unknown,Y_GE65,65 years or over,2024,0
AT,Austria,UNK,Unknown,Y_GE65,65 years or over,2025,0
BE,Belgium,UNK,Unknown,Y_GE65,65 years or over,2021,0
BE,Belgium,UNK,Unknown,Y_GE65,65 years or over,2022,0
BE,Belgium,UNK,Unknown,Y_GE65,65 years or over,2023,0
BE,Belgium,UNK,Unknown,Y_GE65,65 years or over,2024,0
BE,Belgium,UNK,Unknown,Y_GE65,65 years or over,2025,0
BG,Bulgaria,UNK,Unknown,Y_GE65,65 years or over,2021,0
BG,Bulgaria,UNK,Unknown,Y_GE65,65 years or over,2022,0
BG,Bulgaria,UNK,Unknown,Y_GE65,65 years or over,2023,0
BG,Bulgaria,UNK,Unknown,Y_GE65,65 years or over,2024,0
BG,Bulgaria,UNK,Unknown,Y_GE65,65 years or over,2025,0
CH,Switzerland,UNK,Unknown,Y_GE65,65 years or over,2021,0
CH,Switzerland,UNK,Unknown,Y_GE65,65 years or over,2022,0
CH,Switzerland,UNK,Unknown,Y_GE65,65 years or over,2023,0
CH,Switzerland,UNK,Unknown,Y_GE65,65 years or over,2024,0
CH,Switzerland,UNK,Unknown,Y_GE65,65 years or over,2025,0
CY,Cyprus,UNK,Unknown,Y_GE65,65 years or over,2021,0
CY,Cyprus,UNK,Unknown,Y_GE65,65 years or over,2022,0
CY,Cyprus,UNK,Unknown,Y_GE65,65 years or over,2023,0
CY,Cyprus,UNK,Unknown,Y_GE65,65 years or over,2024,0
CY,Cyprus,UNK,Unknown,Y_GE65,65 years or over,2025,0
CZ,Czechia,UNK,Unknown,Y_GE65,65 years or over,2021,0
CZ,Czechia,UNK,Unknown,Y_GE65,65 years or over,2022,0
CZ,Czechia,UNK,Unknown,Y_GE65,65 years or over,2023,0
CZ,Czechia,UNK,Unknown,Y_GE65,65 years or over,2024,0
CZ,Czechia,UNK,Unknown,Y_GE65,65 years or over,2025,0
DE,Germany,UNK,Unknown,Y_GE65,65 years or over,2021,0
DE,Germany,UNK,Unknown,Y_GE65,65 years or over,2022,0
DE,Germany,UNK,Unknown,Y_GE65,65 years or over,2023,0
DE,Germany,UNK,Unknown,Y_GE65,65 years or over,2024,0
DE,Germany,UNK,Unknown,Y_GE65,65 years or over,2025,0
DK,Denmark,UNK,Unknown,Y_GE65,65 years or over,2021,0
DK,Denmark,UNK,Unknown,Y_GE65,65 years or over,2022,0
DK,Denmark,UNK,Unknown,Y_GE65,65 years or over,2023,0
DK,Denmark,UNK,Unknown,Y_GE65,65 years or over,2024,0
DK,Denmark,UNK,Unknown,Y_GE65,65 years or over,2025,0
EE,Estonia,UNK,Unknown,Y_GE65,65 years or over,2021,0
EE,Estonia,UNK,Unknown,Y_GE65,65 years or over,2022,0
EE,Estonia,UNK,Unknown,Y_GE65,65 years or over,2023,0
EE,Estonia,UNK,Unknown,Y_GE65,65 years or over,2024,0
EE,Estonia,UNK,Unknown,Y_GE65,65 years or over,2025,0
EL,Greece,UNK,Unknown,Y_GE65,65 years or over,2021,0
EL,Greece,UNK,Unknown,Y_GE65,65 years or over,2022,0
EL,Greece,UNK,Unknown,Y_GE65,65 years or over,2023,0
EL,Greece,UNK,Unknown,Y_GE65,65 years or over,2024,0
EL,Greece,UNK,Unknown,Y_GE65,65 years or over,2025,0
ES,Spain,UNK,Unknown,Y_GE65,65 years or over,2021,0
ES,Spain,UNK,Unknown,Y_GE65,65 years or over,2022,0
ES,Spain,UNK,Unknown,Y_GE65,65 years or over,2023,0
ES,Spain,UNK,Unknown,Y_GE65,65 years or over,2024,0
ES,Spain,UNK,Unknown,Y_GE65,65 years or over,2025,0
EU27_2020,European Union - 27 countries (from 2020),UNK,Unknown,Y_GE65,65 years or over,2021,0
EU27_2020,European Union - 27 countries (from 2020),UNK,Unknown,Y_GE65,65 years or over,2022,0
EU27_2020,European Union - 27 countries (from 2020),UNK,Unknown,Y_GE65,65 years or over,2023,0
EU27_2020,European Union - 27 countries (from 2020),UNK,Unknown,Y_GE65,65 years or over,2024,0
EU27_2020,European Union - 27 countries (from 2020),UNK,Unknown,Y_GE65,65 years or over,2025,0
FI,Finland,UNK,Unknown,Y_GE65,65 years or over,2021,0
FI,Finland,UNK,Unknown,Y_GE65,65 years or over,2022,0
FI,Finland,UNK,Unknown,Y_GE65,65 years or over,2023,0
FI,Finland,UNK,Unknown,Y_GE65,65 years or over,2024,0
FI,Finland,UNK,Unknown,Y_GE65,65 years or over,2025,0
FR,France,UNK,Unknown,Y_GE65,65 years or over,2021,0
FR,France,UNK,Unknown,Y_GE65,65 years or over,2022,0
FR,France,UNK,Unknown,Y_GE65,65 years or over,2023,0
FR,France,UNK,Unknown,Y_GE65,65 years or over,2024,0
FR,France,UNK,Unknown,Y_GE65,65 years or over,2025,0
HR,Croatia,UNK,Unknown,Y_GE65,65 years or over,2021,0
HR,Croatia,UNK,Unknown,Y_GE65,65 years or over,2022,0
HR,Croatia,UNK,Unknown,Y_GE65,65 years or over,2023,0
HR,Croatia,UNK,Unknown,Y_GE65,65 years or over,2024,0
HR,Croatia,UNK,Unknown,Y_GE65,65 years or over,2025,0
HU,Hungary,UNK,Unknown,Y_GE65,65 years or over,2021,0
HU,Hungary,UNK,Unknown,Y_GE65,65 years or over,2022,0
HU,Hungary,UNK,Unknown,Y_GE65,65 years or over,2023,0
HU,Hungary,UNK,Unknown,Y_GE65,65 years or over,2024,0
HU,Hungary,UNK,Unknown,Y_GE65,65 years or over,2025,0
IE,Ireland,UNK,Unknown,Y_GE65,65 years or over,2021,0
IE,Ireland,UNK,Unknown,Y_GE65,65 years or over,2022,0
IE,Ireland,UNK,Unknown,Y_GE65,65 years or over,2023,0
IE,Ireland,UNK,Unknown,Y_GE65,65 years or over,2024,0
IE,Ireland,UNK,Unknown,Y_GE65,65 years or over,2025,0
IS,Iceland,UNK,Unknown,Y_GE65,65 years or over,2021,0
IS,Iceland,UNK,Unknown,Y_GE65,65 years or over,2022,0
IS,Iceland,UNK,Unknown,Y_GE65,65 years or over,2023,0
IS,Iceland,UNK,Unknown,Y_GE65,65 years or over,2024,0
IS,Iceland,UNK,Unknown,Y_GE65,65 years or over,2025,0
IT,Italy,UNK,Unknown,Y_GE65,65 years or over,2021,0
IT,Italy,UNK,Unknown,Y_GE65,65 years or over,2022,0
IT,Italy,UNK,Unknown,Y_GE65,65 years or over,2023,0
IT,Italy,UNK,Unknown,Y_GE65,65 years or over,2024,0
IT,Italy,UNK,Unknown,Y_GE65,65 years or over,2025,0
LI,Liechtenstein,UNK,Unknown,Y_GE65,65 years or over,2021,0
LI,Liechtenstein,UNK,Unknown,Y_GE65,65 years or over,2022,0
LI,Liechtenstein,UNK,Unknown,Y_GE65,65 years or over,2023,0
LI,Liechtenstein,UNK,Unknown,Y_GE65,65 years or over,2024,0
LI,Liechtenstein,UNK,Unknown,Y_GE65,65 years or over,2025,0
LT,Lithuania,UNK,Unknown,Y_GE65,65 years or over,2021,0
LT,Lithuania,UNK,Unknown,Y_GE65,65 years or over,2022,0
LT,Lithuania,UNK,Unknown,Y_GE65,65 years or over,2023,0
LT,Lithuania,UNK,Unknown,Y_GE65,65 years or over,2024,0
LT,Lithuania,UNK,Unknown,Y_GE65,65 years or over,2025,0
LU,Luxembourg,UNK,Unknown,Y_GE65,65 years or over,2021,0
LU,Luxembourg,UNK,Unknown,Y_GE65,65 years or over,2022,0
LU,Luxembourg,UNK,Unknown,Y_GE65,65 years or over,2023,0
LU,Luxembourg,UNK,Unknown,Y_GE65,65 years or over,2024,0
LU,Luxembourg,UNK,Unknown,Y_GE65,65 years or over,2025,0
LV,Latvia,UNK,Unknown,Y_GE65,65 years or over,2021,0
LV,Latvia,UNK,Unknown,Y_GE65,65 years or over,2022,0
LV,Latvia,UNK,Unknown,Y_GE65,65 years or over,2023,0
LV,Latvia,UNK,Unknown,Y_GE65,65 years or over,2024,0
LV,Latvia,UNK,Unknown,Y_GE65,65 years or over,2025,0
MT,Malta,UNK,Unknown,Y_GE65,65 years or over,2021,0
MT,Malta,UNK,Unknown,Y_GE65,65 years or over,2022,0
MT,Malta,UNK,Unknown,Y_GE65,65 years or over,2023,0
MT,Malta,UNK,Unknown,Y_GE65,65 years or over,2024,0
MT,Malta,UNK,Unknown,Y_GE65,65 years or over,2025,0
NL,Netherlands,UNK,Unknown,Y_GE65,65 years or over,2021,0
NL,Netherlands,UNK,Unknown,Y_GE65,65 years or over,2022,0
NL,Netherlands,UNK,Unknown,Y_GE65,65 years or over,2023,0
NL,Netherlands,UNK,Unknown,Y_GE65,65 years or over,2024,0
NL,Netherlands,UNK,Unknown,Y_GE65,65 years or over,2025,0
NO,Norway,UNK,Unknown,Y_GE65,65 years or over,2021,0
NO,Norway,UNK,Unknown,Y_GE65,65 years or over,2022,0
NO,Norway,UNK,Unknown,Y_GE65,65 years or over,2023,0
NO,Norway,UNK,Unknown,Y_GE65,65 years or over,2024,0
NO,Norway,UNK,Unknown,Y_GE65,65 years or over,2025,0
PL,Poland,UNK,Unknown,Y_GE65,65 years or over,2021,0
PL,Poland,UNK,Unknown,Y_GE65,65 years or over,2022,0
PL,Poland,UNK,Unknown,Y_GE65,65 years or over,2023,0
PL,Poland,UNK,Unknown,Y_GE65,65 years or over,2024,0
PL,Poland,UNK,Unknown,Y_GE65,65 years or over,2025,0
PT,Portugal,UNK,Unknown,Y_GE65,65 years or over,2021,0
PT,Portugal,UNK,Unknown,Y_GE65,65 years or over,2022,0
PT,Portugal,UNK,Unknown,Y_GE65,65 years or over,2023,0
PT,Portugal,UNK,Unknown,Y_GE65,65 years or over,2024,0
PT,Portugal,UNK,Unknown,Y_GE65,65 years or over,2025,0
RO,Romania,UNK,Unknown,Y_GE65,65 years or over,2021,0
RO,Romania,UNK,Unknown,Y_GE65,65 years or over,2022,0
RO,Romania,UNK,Unknown,Y_GE65,65 years or over,2023,0
RO,Romania,UNK,Unknown,Y_GE65,65 years or over,2024,0
RO,Romania,UNK,Unknown,Y_GE65,65 years or over,2025,0
SE,Sweden,UNK,Unknown,Y_GE65,65 years or over,2021,0
SE,Sweden,UNK,Unknown,Y_GE65,65 years or over,2022,0
SE,Sweden,UNK,Unknown,Y_GE65,65 years or over,2023,0
SE,Sweden,UNK,Unknown,Y_GE65,65 years or over,2024,0
SE,Sweden,UNK,Unknown,Y_GE65,65 years or over,2025,0
SI,Slovenia,UNK,Unknown,Y_GE65,65 years or over,2021,0
SI,Slovenia,UNK,Unknown,Y_GE65,65 years or over,2022,0
SI,Slovenia,UNK,Unknown,Y_GE65,65 years or over,2023,0
SI,Slovenia,UNK,Unknown,Y_GE65,65 years or over,2024,0
SI,Slovenia,UNK,Unknown,Y_GE65,65 years or over,2025,0
SK,Slovakia,UNK,Unknown,Y_GE65,65 years or over,2021,0
SK,Slovakia,UNK,Unknown,Y_GE65,65 years or over,2022,0
SK,Slovakia,UNK,Unknown,Y_GE65,65 years or over,2023,0
SK,Slovakia,UNK,Unknown,Y_GE65,65 years or over,2024,0
SK,Slovakia,UNK,Unknown,Y_GE65,65 years or over,2025,0
AT,Austria,UNK,Unknown,Y_LT14,Less than 14 years,2021,0
AT,Austria,UNK,Unknown,Y_LT14,Less than 14 years,2022,0
AT,Austria,UNK,Unknown,Y_LT14,Less than 14 years,2023,0
AT,Austria,UNK,Unknown,Y_LT14,Less than 14 years,2024,0
AT,Austria,UNK,Unknown,Y_LT14,Less than 14 years,2025,0
BE,Belgium,UNK,Unknown,Y_LT14,Less than 14 years,2021,0
BE,Belgium,UNK,Unknown,Y_LT14,Less than 14 years,2022,0
BE,Belgium,UNK,Unknown,Y_LT14,Less than 14 years,2023,0
BE,Belgium,UNK,Unknown,Y_LT14,Less than 14 years,2024,0
BE,Belgium,UNK,Unknown,Y_LT14,Less than 14 years,2025,0
BG,Bulgaria,UNK,Unknown,Y_LT14,Less than 14 years,2021,0
BG,Bulgaria,UNK,Unknown,Y_LT14,Less than 14 years,2022,0
BG,Bulgaria,UNK,Unknown,Y_LT14,Less than 14 years,2023,0
BG,Bulgaria,UNK,Unknown,Y_LT14,Less than 14 years,2024,0
BG,Bulgaria,UNK,Unknown,Y_LT14,Less than 14 years,2025,0
CH,Switzerland,UNK,Unknown,Y_LT14,Less than 14 years,2022,0
CH,Switzerland,UNK,Unknown,Y_LT14,Less than 14 years,2023,0
CH,Switzerland,UNK,Unknown,Y_LT14,Less than 14 years,2024,0
CH,Switzerland,UNK,Unknown,Y_LT14,Less than 14 years,2025,0
CY,Cyprus,UNK,Unknown,Y_LT14,Less than 14 years,2021,0
CY,Cyprus,UNK,Unknown,Y_LT14,Less than 14 years,2022,0
CY,Cyprus,UNK,Unknown,Y_LT14,Less than 14 years,2023,0
CY,Cyprus,UNK,Unknown,Y_LT14,Less than 14 years,2024,0
CY,Cyprus,UNK,Unknown,Y_LT14,Less than 14 years,2025,0
CZ,Czechia,UNK,Unknown,Y_LT14,Less than 14 years,2021,0
CZ,Czechia,UNK,Unknown,Y_LT14,Less than 14 years,2022,0
CZ,Czechia,UNK,Unknown,Y_LT14,Less than 14 years,2023,0
CZ,Czechia,UNK,Unknown,Y_LT14,Less than 14 years,2024,0
CZ,Czechia,UNK,Unknown,Y_LT14,Less than 14 years,2025,0
DE,Germany,UNK,Unknown,Y_LT14,Less than 14 years,2021,0
DE,Germany,UNK,Unknown,Y_LT14,Less than 14 years,2022,0
DE,Germany,UNK,Unknown,Y_LT14,Less than 14 years,2023,0
DE,Germany,UNK,Unknown,Y_LT14,Less than 14 years,2024,0
DE,Germany,UNK,Unknown,Y_LT14,Less than 14 years,2025,0
DK,Denmark,UNK,Unknown,Y_LT14,Less than 14 years,2022,0
DK,Denmark,UNK,Unknown,Y_LT14,Less than 14 years,2023,0
DK,Denmark,UNK,Unknown,Y_LT14,Less than 14 years,2024,0
DK,Denmark,UNK,Unknown,Y_LT14,Less than 14 years,2025,0
EE,Estonia,UNK,Unknown,Y_LT14,Less than 14 years,2021,0
EE,Estonia,UNK,Unknown,Y_LT14,Less than 14 years,2022,0
EE,Estonia,UNK,Unknown,Y_LT14,Less than 14 years,2023,0
EE,Estonia,UNK,Unknown,Y_LT14,Less than 14 years,2024,0
EE,Estonia,UNK,Unknown,Y_LT14,Less than 14 years,2025,0
EL,Greece,UNK,Unknown,Y_LT14,Less than 14 years,2021,0
EL,Greece,UNK,Unknown,Y_LT14,Less than 14 years,2022,0
EL,Greece,UNK,Unknown,Y_LT14,Less than 14 years,2023,0
EL,Greece,UNK,Unknown,Y_LT14,Less than 14 years,2024,0
EL,Greece,UNK,Unknown,Y_LT14,Less than 14 years,2025,0
ES,Spain,UNK,Unknown,Y_LT14,Less than 14 years,2021,0
ES,Spain,UNK,Unknown,Y_LT14,Less than 14 years,2022,0
ES,Spain,UNK,Unknown,Y_LT14,Less than 14 years,2023,0
ES,Spain,UNK,Unknown,Y_LT14,Less than 14 years,2024,0
ES,Spain,UNK,Unknown,Y_LT14,Less than 14 years,2025,0
EU27_2020,European Union - 27 countries (from 2020),UNK,Unknown,Y_LT14,Less than 14 years,2021,0
EU27_2020,European Union - 27 countries (from 2020),UNK,Unknown,Y_LT14,Less than 14 years,2022,0
EU27_2020,European Union - 27 countries (from 2020),UNK,Unknown,Y_LT14,Less than 14 years,2023,0
EU27_2020,European Union - 27 countries (from 2020),UNK,Unknown,Y_LT14,Less than 14 years,2024,0
EU27_2020,European Union - 27 countries (from 2020),UNK,Unknown,Y_LT14,Less than 14 years,2025,0
FI,Finland,UNK,Unknown,Y_LT14,Less than 14 years,2021,0
FI,Finland,UNK,Unknown,Y_LT14,Less than 14 years,2022,0
FI,Finland,UNK,Unknown,Y_LT14,Less than 14 years,2023,0
FI,Finland,UNK,Unknown,Y_LT14,Less than 14 years,2024,0
FI,Finland,UNK,Unknown,Y_LT14,Less than 14 years,2025,0
FR,France,UNK,Unknown,Y_LT14,Less than 14 years,2021,0
FR,France,UNK,Unknown,Y_LT14,Less than 14 years,2022,0
FR,France,UNK,Unknown,Y_LT14,Less than 14 years,2023,0
FR,France,UNK,Unknown,Y_LT14,Less than 14 years,2024,0
FR,France,UNK,Unknown,Y_LT14,Less than 14 years,2025,0
HR,Croatia,UNK,Unknown,Y_LT14,Less than 14 years,2021,0
HR,Croatia,UNK,Unknown,Y_LT14,Less than 14 years,2022,0
HR,Croatia,UNK,Unknown,Y_LT14,Less than 14 years,2023,0
HR,Croatia,UNK,Unknown,Y_LT14,Less than 14 years,2024,0
HR,Croatia,UNK,Unknown,Y_LT14,Less than 14 years,2025,0
HU,Hungary,UNK,Unknown,Y_LT14,Less than 14 years,2021,0
HU,Hungary,UNK,Unknown,Y_LT14,Less than 14 years,2022,0
HU,Hungary,UNK,Unknown,Y_LT14,Less than 14 years,2023,0
HU,Hungary,UNK,Unknown,Y_LT14,Less than 14 years,2024,0
HU,Hungary,UNK,Unknown,Y_LT14,Less than 14 years,2025,0
IE,Ireland,UNK,Unknown,Y_LT14,Less than 14 years,2021,0
IE,Ireland,UNK,Unknown,Y_LT14,Less than 14 years,2022,0
IE,Ireland,UNK,Unknown,Y_LT14,Less than 14 years,2023,0
IE,Ireland,UNK,Unknown,Y_LT14,Less than 14 years,2024,0
IE,Ireland,UNK,Unknown,Y_LT14,Less than 14 years,2025,0
IS,Iceland,UNK,Unknown,Y_LT14,Less than 14 years,2021,0
IS,Iceland,UNK,Unknown,Y_LT14,Less than 14 years,2022,0
IS,Iceland,UNK,Unknown,Y_LT14,Less than 14 years,2023,0
IS,Iceland,UNK,Unknown,Y_LT14,Less than 14 years,2024,0
IS,Iceland,UNK,Unknown,Y_LT14,Less than 14 years,2025,0
IT,Italy,UNK,Unknown,Y_LT14,Less than 14 years,2021,0
IT,Italy,UNK,Unknown,Y_LT14,Less than 14 years,2022,0
IT,Italy,UNK,Unknown,Y_LT14,Less than 14 years,2023,0
IT,Italy,UNK,Unknown,Y_LT14,Less than 14 years,2024,0
IT,Italy,UNK,Unknown,Y_LT14,Less than 14 years,2025,0
LI,Liechtenstein,UNK,Unknown,Y_LT14,Less than 14 years,2021,0
LI,Liechtenstein,UNK,Unknown,Y_LT14,Less than 14 years,2022,0
LI,Liechtenstein,UNK,Unknown,Y_LT14,Less than 14 years,2023,0
LI,Liechtenstein,UNK,Unknown,Y_LT14,Less than 14 years,2024,0
LI,Liechtenstein,UNK,Unknown,Y_LT14,Less than 14 years,2025,0
LT,Lithuania,UNK,Unknown,Y_LT14,Less than 14 years,2021,0
LT,Lithuania,UNK,Unknown,Y_LT14,Less than 14 years,2022,0
LT,Lithuania,UNK,Unknown,Y_LT14,Less than 14 years,2023,0
LT,Lithuania,UNK,Unknown,Y_LT14,Less than 14 years,2024,0
LT,Lithuania,UNK,Unknown,Y_LT14,Less than 14 years,2025,0
LU,Luxembourg,UNK,Unknown,Y_LT14,Less than 14 years,2021,0
LU,Luxembourg,UNK,Unknown,Y_LT14,Less than 14 years,2022,0
LU,Luxembourg,UNK,Unknown,Y_LT14,Less than 14 years,2023,0
LU,Luxembourg,UNK,Unknown,Y_LT14,Less than 14 years,2024,0
LU,Luxembourg,UNK,Unknown,Y_LT14,Less than 14 years,2025,0
LV,Latvia,UNK,Unknown,Y_LT14,Less than 14 years,2021,0
LV,Latvia,UNK,Unknown,Y_LT14,Less than 14 years,2022,0
LV,Latvia,UNK,Unknown,Y_LT14,Less than 14 years,2023,0
LV,Latvia,UNK,Unknown,Y_LT14,Less than 14 years,2024,0
LV,Latvia,UNK,Unknown,Y_LT14,Less than 14 years,2025,0
MT,Malta,UNK,Unknown,Y_LT14,Less than 14 years,2021,0
MT,Malta,UNK,Unknown,Y_LT14,Less than 14 years,2022,0
MT,Malta,UNK,Unknown,Y_LT14,Less than 14 years,2023,0
MT,Malta,UNK,Unknown,Y_LT14,Less than 14 years,2024,0
MT,Malta,UNK,Unknown,Y_LT14,Less than 14 years,2025,0
NL,Netherlands,UNK,Unknown,Y_LT14,Less than 14 years,2021,0
NL,Netherlands,UNK,Unknown,Y_LT14,Less than 14 years,2022,0
NL,Netherlands,UNK,Unknown,Y_LT14,Less than 14 years,2023,0
NL,Netherlands,UNK,Unknown,Y_LT14,Less than 14 years,2024,0
NL,Netherlands,UNK,Unknown,Y_LT14,Less than 14 years,2025,0
NO,Norway,UNK,Unknown,Y_LT14,Less than 14 years,2021,0
NO,Norway,UNK,Unknown,Y_LT14,Less than 14 years,2022,0
NO,Norway,UNK,Unknown,Y_LT14,Less than 14 years,2023,0
NO,Norway,UNK,Unknown,Y_LT14,Less than 14 years,2024,0
NO,Norway,UNK,Unknown,Y_LT14,Less than 14 years,2025,0
PL,Poland,UNK,Unknown,Y_LT14,Less than 14 years,2021,0
PL,Poland,UNK,Unknown,Y_LT14,Less than 14 years,2022,0
PL,Poland,UNK,Unknown,Y_LT14,Less than 14 years,2023,0
PL,Poland,UNK,Unknown,Y_LT14,Less than 14 years,2024,0
PL,Poland,UNK,Unknown,Y_LT14,Less than 14 years,2025,0
PT,Portugal,UNK,Unknown,Y_LT14,Less than 14 years,2021,0
PT,Portugal,UNK,Unknown,Y_LT14,Less than 14 years,2022,0
PT,Portugal,UNK,Unknown,Y_LT14,Less than 14 years,2023,0
PT,Portugal,UNK,Unknown,Y_LT14,Less than 14 years,2024,0
PT,Portugal,UNK,Unknown,Y_LT14,Less than 14 years,2025,0
RO,Romania,UNK,Unknown,Y_LT14,Less than 14 years,2022,0
RO,Romania,UNK,Unknown,Y_LT14,Less than 14 years,2023,0
RO,Romania,UNK,Unknown,Y_LT14,Less than 14 years,2024,0
RO,Romania,UNK,Unknown,Y_LT14,Less than 14 years,2025,0
SE,Sweden,UNK,Unknown,Y_LT14,Less than 14 years,2021,0
SE,Sweden,UNK,Unknown,Y_LT14,Less than 14 years,2022,0
SE,Sweden,UNK,Unknown,Y_LT14,Less than 14 years,2023,0
SE,Sweden,UNK,Unknown,Y_LT14,Less than 14 years,2024,0
SE,Sweden,UNK,Unknown,Y_LT14,Less than 14 years,2025,0
SI,Slovenia,UNK,Unknown,Y_LT14,Less than 14 years,2021,0
SI,Slovenia,UNK,Unknown,Y_LT14,Less than 14 years,2022,0
SI,Slovenia,UNK,Unknown,Y_LT14,Less than 14 years,2023,0
SI,Slovenia,UNK,Unknown,Y_LT14,Less than 14 years,2024,0
SI,Slovenia,UNK,Unknown,Y_LT14,Less than 14 years,2025,0
SK,Slovakia,UNK,Unknown,Y_LT14,Less than 14 years,2021,0
SK,Slovakia,UNK,Unknown,Y_LT14,Less than 14 years,2022,0
SK,Slovakia,UNK,Unknown,Y_LT14,Less than 14 years,2023,0
SK,Slovakia,UNK,Unknown,Y_LT14,Less than 14 years,2024,0
SK,Slovakia,UNK,Unknown,Y_LT14,Less than 14 years,2025,0
AT,Austria,UNK,Unknown,Y_LT18,Less than 18 years,2021,0
AT,Austria,UNK,Unknown,Y_LT18,Less than 18 years,2022,0
AT,Austria,UNK,Unknown,Y_LT18,Less than 18 years,2023,0
AT,Austria,UNK,Unknown,Y_LT18,Less than 18 years,2024,0
AT,Austria,UNK,Unknown,Y_LT18,Less than 18 years,2025,0
BE,Belgium,UNK,Unknown,Y_LT18,Less than 18 years,2021,0
BE,Belgium,UNK,Unknown,Y_LT18,Less than 18 years,2022,0
BE,Belgium,UNK,Unknown,Y_LT18,Less than 18 years,2023,0
BE,Belgium,UNK,Unknown,Y_LT18,Less than 18 years,2024,0
BE,Belgium,UNK,Unknown,Y_LT18,Less than 18 years,2025,0
BG,Bulgaria,UNK,Unknown,Y_LT18,Less than 18 years,2021,0
BG,Bulgaria,UNK,Unknown,Y_LT18,Less than 18 years,2022,0
BG,Bulgaria,UNK,Unknown,Y_LT18,Less than 18 years,2023,0
BG,Bulgaria,UNK,Unknown,Y_LT18,Less than 18 years,2024,0
BG,Bulgaria,UNK,Unknown,Y_LT18,Less than 18 years,2025,0
CH,Switzerland,UNK,Unknown,Y_LT18,Less than 18 years,2022,0
CH,Switzerland,UNK,Unknown,Y_LT18,Less than 18 years,2023,0
CH,Switzerland,UNK,Unknown,Y_LT18,Less than 18 years,2024,0
CH,Switzerland,UNK,Unknown,Y_LT18,Less than 18 years,2025,0
CY,Cyprus,UNK,Unknown,Y_LT18,Less than 18 years,2021,0
CY,Cyprus,UNK,Unknown,Y_LT18,Less than 18 years,2022,0
CY,Cyprus,UNK,Unknown,Y_LT18,Less than 18 years,2023,0
CY,Cyprus,UNK,Unknown,Y_LT18,Less than 18 years,2024,0
CY,Cyprus,UNK,Unknown,Y_LT18,Less than 18 years,2025,0
CZ,Czechia,UNK,Unknown,Y_LT18,Less than 18 years,2021,0
CZ,Czechia,UNK,Unknown,Y_LT18,Less than 18 years,2022,0
CZ,Czechia,UNK,Unknown,Y_LT18,Less than 18 years,2023,0
CZ,Czechia,UNK,Unknown,Y_LT18,Less than 18 years,2024,0
CZ,Czechia,UNK,Unknown,Y_LT18,Less than 18 years,2025,0
DE,Germany,UNK,Unknown,Y_LT18,Less than 18 years,2021,0
DE,Germany,UNK,Unknown,Y_LT18,Less than 18 years,2022,0
DE,Germany,UNK,Unknown,Y_LT18,Less than 18 years,2023,0
DE,Germany,UNK,Unknown,Y_LT18,Less than 18 years,2024,0
DE,Germany,UNK,Unknown,Y_LT18,Less than 18 years,2025,0
DK,Denmark,UNK,Unknown,Y_LT18,Less than 18 years,2022,0
DK,Denmark,UNK,Unknown,Y_LT18,Less than 18 years,2023,0
DK,Denmark,UNK,Unknown,Y_LT18,Less than 18 years,2024,0
DK,Denmark,UNK,Unknown,Y_LT18,Less than 18 years,2025,0
EE,Estonia,UNK,Unknown,Y_LT18,Less than 18 years,2021,0
EE,Estonia,UNK,Unknown,Y_LT18,Less than 18 years,2022,0
EE,Estonia,UNK,Unknown,Y_LT18,Less than 18 years,2023,0
EE,Estonia,UNK,Unknown,Y_LT18,Less than 18 years,2024,0
EE,Estonia,UNK,Unknown,Y_LT18,Less than 18 years,2025,0
EL,Greece,UNK,Unknown,Y_LT18,Less than 18 years,2021,0
EL,Greece,UNK,Unknown,Y_LT18,Less than 18 years,2022,0
EL,Greece,UNK,Unknown,Y_LT18,Less than 18 years,2023,0
EL,Greece,UNK,Unknown,Y_LT18,Less than 18 years,2024,0
EL,Greece,UNK,Unknown,Y_LT18,Less than 18 years,2025,0
ES,Spain,UNK,Unknown,Y_LT18,Less than 18 years,2021,0
ES,Spain,UNK,Unknown,Y_LT18,Less than 18 years,2022,0
ES,Spain,UNK,Unknown,Y_LT18,Less than 18 years,2023,0
ES,Spain,UNK,Unknown,Y_LT18,Less than 18 years,2024,0
ES,Spain,UNK,Unknown,Y_LT18,Less than 18 years,2025,0
EU27_2020,European Union - 27 countries (from 2020),UNK,Unknown,Y_LT18,Less than 18 years,2021,0
EU27_2020,European Union - 27 countries (from 2020),UNK,Unknown,Y_LT18,Less than 18 years,2022,0
EU27_2020,European Union - 27 countries (from 2020),UNK,Unknown,Y_LT18,Less than 18 years,2023,0
EU27_2020,European Union - 27 countries (from 2020),UNK,Unknown,Y_LT18,Less than 18 years,2024,0
EU27_2020,European Union - 27 countries (from 2020),UNK,Unknown,Y_LT18,Less than 18 years,2025,0
FI,Finland,UNK,Unknown,Y_LT18,Less than 18 years,2021,0
FI,Finland,UNK,Unknown,Y_LT18,Less than 18 years,2022,0
FI,Finland,UNK,Unknown,Y_LT18,Less than 18 years,2023,0
FI,Finland,UNK,Unknown,Y_LT18,Less than 18 years,2024,0
FI,Finland,UNK,Unknown,Y_LT18,Less than 18 years,2025,0
FR,France,UNK,Unknown,Y_LT18,Less than 18 years,2021,0
FR,France,UNK,Unknown,Y_LT18,Less than 18 years,2022,0
FR,France,UNK,Unknown,Y_LT18,Less than 18 years,2023,0
FR,France,UNK,Unknown,Y_LT18,Less than 18 years,2024,0
FR,France,UNK,Unknown,Y_LT18,Less than 18 years,2025,0
HR,Croatia,UNK,Unknown,Y_LT18,Less than 18 years,2021,0
HR,Croatia,UNK,Unknown,Y_LT18,Less than 18 years,2022,0
HR,Croatia,UNK,Unknown,Y_LT18,Less than 18 years,2023,0
HR,Croatia,UNK,Unknown,Y_LT18,Less than 18 years,2024,0
HR,Croatia,UNK,Unknown,Y_LT18,Less than 18 years,2025,0
HU,Hungary,UNK,Unknown,Y_LT18,Less than 18 years,2021,0
HU,Hungary,UNK,Unknown,Y_LT18,Less than 18 years,2022,0
HU,Hungary,UNK,Unknown,Y_LT18,Less than 18 years,2023,0
HU,Hungary,UNK,Unknown,Y_LT18,Less than 18 years,2024,0
HU,Hungary,UNK,Unknown,Y_LT18,Less than 18 years,2025,0
IE,Ireland,UNK,Unknown,Y_LT18,Less than 18 years,2021,0
IE,Ireland,UNK,Unknown,Y_LT18,Less than 18 years,2022,0
IE,Ireland,UNK,Unknown,Y_LT18,Less than 18 years,2023,0
IE,Ireland,UNK,Unknown,Y_LT18,Less than 18 years,2024,0
IE,Ireland,UNK,Unknown,Y_LT18,Less than 18 years,2025,0
IS,Iceland,UNK,Unknown,Y_LT18,Less than 18 years,2021,0
IS,Iceland,UNK,Unknown,Y_LT18,Less than 18 years,2022,0
IS,Iceland,UNK,Unknown,Y_LT18,Less than 18 years,2023,0
IS,Iceland,UNK,Unknown,Y_LT18,Less than 18 years,2024,0
IS,Iceland,UNK,Unknown,Y_LT18,Less than 18 years,2025,0
IT,Italy,UNK,Unknown,Y_LT18,Less than 18 years,2021,0
IT,Italy,UNK,Unknown,Y_LT18,Less than 18 years,2022,0
IT,Italy,UNK,Unknown,Y_LT18,Less than 18 years,2023,0
IT,Italy,UNK,Unknown,Y_LT18,Less than 18 years,2024,0
IT,Italy,UNK,Unknown,Y_LT18,Less than 18 years,2025,0
LI,Liechtenstein,UNK,Unknown,Y_LT18,Less than 18 years,2021,0
LI,Liechtenstein,UNK,Unknown,Y_LT18,Less than 18 years,2022,0
LI,Liechtenstein,UNK,Unknown,Y_LT18,Less than 18 years,2023,0
LI,Liechtenstein,UNK,Unknown,Y_LT18,Less than 18 years,2024,0
LI,Liechtenstein,UNK,Unknown,Y_LT18,Less than 18 years,2025,0
LT,Lithuania,UNK,Unknown,Y_LT18,Less than 18 years,2021,0
LT,Lithuania,UNK,Unknown,Y_LT18,Less than 18 years,2022,0
LT,Lithuania,UNK,Unknown,Y_LT18,Less than 18 years,2023,0
LT,Lithuania,UNK,Unknown,Y_LT18,Less than 18 years,2024,0
LT,Lithuania,UNK,Unknown,Y_LT18,Less than 18 years,2025,0
LU,Luxembourg,UNK,Unknown,Y_LT18,Less than 18 years,2021,0
LU,Luxembourg,UNK,Unknown,Y_LT18,Less than 18 years,2022,0
LU,Luxembourg,UNK,Unknown,Y_LT18,Less than 18 years,2023,0
LU,Luxembourg,UNK,Unknown,Y_LT18,Less than 18 years,2024,0
LU,Luxembourg,UNK,Unknown,Y_LT18,Less than 18 years,2025,0
LV,Latvia,UNK,Unknown,Y_LT18,Less than 18 years,2021,0
LV,Latvia,UNK,Unknown,Y_LT18,Less than 18 years,2022,0
LV,Latvia,UNK,Unknown,Y_LT18,Less than 18 years,2023,0
LV,Latvia,UNK,Unknown,Y_LT18,Less than 18 years,2024,0
LV,Latvia,UNK,Unknown,Y_LT18,Less than 18 years,2025,0
MT,Malta,UNK,Unknown,Y_LT18,Less than 18 years,2021,0
MT,Malta,UNK,Unknown,Y_LT18,Less than 18 years,2022,0
MT,Malta,UNK,Unknown,Y_LT18,Less than 18 years,2023,0
MT,Malta,UNK,Unknown,Y_LT18,Less than 18 years,2024,0
MT,Malta,UNK,Unknown,Y_LT18,Less than 18 years,2025,0
NL,Netherlands,UNK,Unknown,Y_LT18,Less than 18 years,2021,0
NL,Netherlands,UNK,Unknown,Y_LT18,Less than 18 years,2022,0
NL,Netherlands,UNK,Unknown,Y_LT18,Less than 18 years,2023,0
NL,Netherlands,UNK,Unknown,Y_LT18,Less than 18 years,2024,0
NL,Netherlands,UNK,Unknown,Y_LT18,Less than 18 years,2025,0
NO,Norway,UNK,Unknown,Y_LT18,Less than 18 years,2021,0
NO,Norway,UNK,Unknown,Y_LT18,Less than 18 years,2022,0
NO,Norway,UNK,Unknown,Y_LT18,Less than 18 years,2023,0
NO,Norway,UNK,Unknown,Y_LT18,Less than 18 years,2024,0
NO,Norway,UNK,Unknown,Y_LT18,Less than 18 years,2025,0
PL,Poland,UNK,Unknown,Y_LT18,Less than 18 years,2021,0
PL,Poland,UNK,Unknown,Y_LT18,Less than 18 years,2022,0
PL,Poland,UNK,Unknown,Y_LT18,Less than 18 years,2023,0
PL,Poland,UNK,Unknown,Y_LT18,Less than 18 years,2024,0
PL,Poland,UNK,Unknown,Y_LT18,Less than 18 years,2025,0
PT,Portugal,UNK,Unknown,Y_LT18,Less than 18 years,2021,0
PT,Portugal,UNK,Unknown,Y_LT18,Less than 18 years,2022,0
PT,Portugal,UNK,Unknown,Y_LT18,Less than 18 years,2023,0
PT,Portugal,UNK,Unknown,Y_LT18,Less than 18 years,2024,0
PT,Portugal,UNK,Unknown,Y_LT18,Less than 18 years,2025,0
RO,Romania,UNK,Unknown,Y_LT18,Less than 18 years,2022,0
RO,Romania,UNK,Unknown,Y_LT18,Less than 18 years,2023,0
RO,Romania,UNK,Unknown,Y_LT18,Less than 18 years,2024,0
RO,Romania,UNK,Unknown,Y_LT18,Less than 18 years,2025,0
SE,Sweden,UNK,Unknown,Y_LT18,Less than 18 years,2021,0
SE,Sweden,UNK,Unknown,Y_LT18,Less than 18 years,2022,0
SE,Sweden,UNK,Unknown,Y_LT18,Less than 18 years,2023,0
SE,Sweden,UNK,Unknown,Y_LT18,Less than 18 years,2024,0
SE,Sweden,UNK,Unknown,Y_LT18,Less than 18 years,2025,0
SI,Slovenia,UNK,Unknown,Y_LT18,Less than 18 years,2021,0
SI,Slovenia,UNK,Unknown,Y_LT18,Less than 18 years,2022,0
SI,Slovenia,UNK,Unknown,Y_LT18,Less than 18 years,2023,0
SI,Slovenia,UNK,Unknown,Y_LT18,Less than 18 years,2024,0
SI,Slovenia,UNK,Unknown,Y_LT18,Less than 18 years,2025,0
SK,Slovakia,UNK,Unknown,Y_LT18,Less than 18 years,2021,0
SK,Slovakia,UNK,Unknown,Y_LT18,Less than 18 years,2022,0
SK,Slovakia,UNK,Unknown,Y_LT18,Less than 18 years,2023,0
SK,Slovakia,UNK,Unknown,Y_LT18,Less than 18 years,2024,0
SK,Slovakia,UNK,Unknown,Y_LT18,Less than 18 years,2025,0
